"","date","scientist","rep","primary","secondary_dose","vial","day","status","alive3","X0.hour","X10.hour","log10_10hour","bin_primary","bin_alive3"
"151","8/2/2018","Frank","12","PBS",0.01,7,1,1,FALSE,175.5,38303.79,4.583242,0,0
"152","8/2/2018","Frank","12","PBS",0.01,7,1,1,FALSE,175.5,38303.79,4.583242,0,0
"153","8/2/2018","Frank","12","PBS",0.01,7,3,1,FALSE,175.5,38303.79,4.583242,0,0
"154","8/2/2018","Frank","12","PBS",0.01,7,3,1,FALSE,175.5,38303.79,4.583242,0,0
"155","8/2/2018","Frank","12","PBS",0.01,7,3,0,TRUE,175.5,38303.79,4.583242,0,1
"156","8/2/2018","Frank","12","PBS",0.01,7,3,0,TRUE,175.5,38303.79,4.583242,0,1
"157","8/2/2018","Frank","12","PBS",0.01,7,3,0,TRUE,175.5,38303.79,4.583242,0,1
"158","8/2/2018","Frank","12","PBS",0.01,8,1,1,FALSE,175.5,38303.79,4.583242,0,0
"159","8/2/2018","Frank","12","PBS",0.01,8,1,1,FALSE,175.5,38303.79,4.583242,0,0
"160","8/2/2018","Frank","12","PBS",0.01,8,1,1,FALSE,175.5,38303.79,4.583242,0,0
"161","8/2/2018","Frank","12","PBS",0.01,8,1,1,FALSE,175.5,38303.79,4.583242,0,0
"162","8/2/2018","Frank","12","PBS",0.01,8,3,0,TRUE,175.5,38303.79,4.583242,0,1
"163","8/2/2018","Frank","12","PBS",0.01,8,3,0,TRUE,175.5,38303.79,4.583242,0,1
"164","8/2/2018","Frank","12","PBS",0.01,8,3,0,TRUE,175.5,38303.79,4.583242,0,1
"165","8/2/2018","Frank","12","PBS",0.01,8,3,0,TRUE,175.5,38303.79,4.583242,0,1
"166","8/2/2018","Frank","12","PBS",0.01,8,3,0,TRUE,175.5,38303.79,4.583242,0,1
"167","8/2/2018","Frank","12","PBS",0.01,8,3,0,TRUE,175.5,38303.79,4.583242,0,1
"168","8/2/2018","Frank","12","PBS",0.1,12,1,1,FALSE,1187.5,207195.9,5.316381,0,0
"169","8/2/2018","Frank","12","PBS",0.1,12,1,1,FALSE,1187.5,207195.9,5.316381,0,0
"170","8/2/2018","Frank","12","PBS",0.1,12,1,1,FALSE,1187.5,207195.9,5.316381,0,0
"171","8/2/2018","Frank","12","PBS",0.1,12,1,1,FALSE,1187.5,207195.9,5.316381,0,0
"172","8/2/2018","Frank","12","PBS",0.1,12,1,1,FALSE,1187.5,207195.9,5.316381,0,0
"173","8/2/2018","Frank","12","PBS",0.1,12,1,1,FALSE,1187.5,207195.9,5.316381,0,0
"174","8/2/2018","Frank","12","PBS",0.1,12,3,1,FALSE,1187.5,207195.9,5.316381,0,0
"175","8/2/2018","Frank","12","PBS",0.1,12,3,1,FALSE,1187.5,207195.9,5.316381,0,0
"176","8/2/2018","Frank","12","PBS",0.1,13,1,1,FALSE,1187.5,207195.9,5.316381,0,0
"177","8/2/2018","Frank","12","PBS",0.1,13,1,1,FALSE,1187.5,207195.9,5.316381,0,0
"178","8/2/2018","Frank","12","PBS",0.1,13,1,1,FALSE,1187.5,207195.9,5.316381,0,0
"179","8/2/2018","Frank","12","PBS",0.1,13,1,1,FALSE,1187.5,207195.9,5.316381,0,0
"180","8/2/2018","Frank","12","PBS",0.1,13,1,1,FALSE,1187.5,207195.9,5.316381,0,0
"181","8/2/2018","Frank","12","PBS",0.1,13,1,1,FALSE,1187.5,207195.9,5.316381,0,0
"182","8/2/2018","Frank","12","PBS",0.1,13,3,1,FALSE,1187.5,207195.9,5.316381,0,0
"183","8/2/2018","Frank","12","PBS",0.1,13,3,1,FALSE,1187.5,207195.9,5.316381,0,0
"184","8/2/2018","Frank","12","PBS",0.1,13,3,1,FALSE,1187.5,207195.9,5.316381,0,0
"185","8/2/2018","Frank","12","PBS",0.1,13,3,1,FALSE,1187.5,207195.9,5.316381,0,0
"186","8/2/2018","Frank","12","PBS",1,16,1,1,FALSE,9039,817227.4,5.912343,0,0
"187","8/2/2018","Frank","12","PBS",1,16,1,1,FALSE,9039,817227.4,5.912343,0,0
"188","8/2/2018","Frank","12","PBS",1,16,1,1,FALSE,9039,817227.4,5.912343,0,0
"189","8/2/2018","Frank","12","PBS",1,16,1,1,FALSE,9039,817227.4,5.912343,0,0
"190","8/2/2018","Frank","12","PBS",1,16,1,1,FALSE,9039,817227.4,5.912343,0,0
"191","8/2/2018","Frank","12","PBS",1,16,1,1,FALSE,9039,817227.4,5.912343,0,0
"192","8/2/2018","Frank","12","PBS",1,16,1,1,FALSE,9039,817227.4,5.912343,0,0
"193","8/2/2018","Frank","12","PBS",1,16,1,1,FALSE,9039,817227.4,5.912343,0,0
"194","8/2/2018","Frank","12","PBS",1,16,1,1,FALSE,9039,817227.4,5.912343,0,0
"195","8/2/2018","Frank","12","PBS",1,17,1,1,FALSE,9039,817227.4,5.912343,0,0
"196","8/2/2018","Frank","12","PBS",1,17,1,1,FALSE,9039,817227.4,5.912343,0,0
"197","8/2/2018","Frank","12","PBS",1,17,1,1,FALSE,9039,817227.4,5.912343,0,0
"198","8/2/2018","Frank","12","PBS",1,17,1,1,FALSE,9039,817227.4,5.912343,0,0
"199","8/2/2018","Frank","12","PBS",1,17,1,1,FALSE,9039,817227.4,5.912343,0,0
"200","8/2/2018","Frank","12","PBS",1,17,1,1,FALSE,9039,817227.4,5.912343,0,0
"201","8/2/2018","Frank","12","PBS",1,17,1,1,FALSE,9039,817227.4,5.912343,0,0
"202","8/2/2018","Frank","12","PBS",1,17,1,1,FALSE,9039,817227.4,5.912343,0,0
"203","8/2/2018","Frank","12","PBS",1,17,1,1,FALSE,9039,817227.4,5.912343,0,0
"204","8/2/2018","Frank","12","S.m",0.01,22,3,1,FALSE,789,7283.077,3.862315,1,0
"205","8/2/2018","Frank","12","S.m",0.01,22,3,0,TRUE,789,7283.077,3.862315,1,1
"206","8/2/2018","Frank","12","S.m",0.01,22,3,0,TRUE,789,7283.077,3.862315,1,1
"207","8/2/2018","Frank","12","S.m",0.01,22,3,0,TRUE,789,7283.077,3.862315,1,1
"208","8/2/2018","Frank","12","S.m",0.01,22,3,0,TRUE,789,7283.077,3.862315,1,1
"209","8/2/2018","Frank","12","S.m",0.01,22,3,0,TRUE,789,7283.077,3.862315,1,1
"210","8/2/2018","Frank","12","S.m",0.01,23,3,1,FALSE,789,7283.077,3.862315,1,0
"211","8/2/2018","Frank","12","S.m",0.01,23,3,1,FALSE,789,7283.077,3.862315,1,0
"212","8/2/2018","Frank","12","S.m",0.01,23,3,0,TRUE,789,7283.077,3.862315,1,1
"213","8/2/2018","Frank","12","S.m",0.01,23,3,0,TRUE,789,7283.077,3.862315,1,1
"214","8/2/2018","Frank","12","S.m",0.01,23,3,0,TRUE,789,7283.077,3.862315,1,1
"215","8/2/2018","Frank","12","S.m",0.01,23,3,0,TRUE,789,7283.077,3.862315,1,1
"216","8/2/2018","Frank","12","S.m",0.01,23,3,0,TRUE,789,7283.077,3.862315,1,1
"217","8/2/2018","Frank","12","S.m",0.01,23,3,0,TRUE,789,7283.077,3.862315,1,1
"218","8/2/2018","Frank","12","S.m",0.01,23,3,0,TRUE,789,7283.077,3.862315,1,1
"219","8/2/2018","Frank","12","S.m",0.1,26,1,1,FALSE,1281,129084.2,5.110873,1,0
"220","8/2/2018","Frank","12","S.m",0.1,26,1,1,FALSE,1281,129084.2,5.110873,1,0
"221","8/2/2018","Frank","12","S.m",0.1,26,3,1,FALSE,1281,129084.2,5.110873,1,0
"222","8/2/2018","Frank","12","S.m",0.1,26,3,1,FALSE,1281,129084.2,5.110873,1,0
"223","8/2/2018","Frank","12","S.m",0.1,26,3,1,FALSE,1281,129084.2,5.110873,1,0
"224","8/2/2018","Frank","12","S.m",0.1,26,3,1,FALSE,1281,129084.2,5.110873,1,0
"225","8/2/2018","Frank","12","S.m",0.1,27,1,1,FALSE,1281,129084.2,5.110873,1,0
"226","8/2/2018","Frank","12","S.m",0.1,27,1,1,FALSE,1281,129084.2,5.110873,1,0
"227","8/2/2018","Frank","12","S.m",0.1,27,1,1,FALSE,1281,129084.2,5.110873,1,0
"228","8/2/2018","Frank","12","S.m",0.1,27,1,1,FALSE,1281,129084.2,5.110873,1,0
"229","8/2/2018","Frank","12","S.m",0.1,27,1,1,FALSE,1281,129084.2,5.110873,1,0
"230","8/2/2018","Frank","12","S.m",0.1,27,1,1,FALSE,1281,129084.2,5.110873,1,0
"231","8/2/2018","Frank","12","S.m",0.1,27,3,0,TRUE,1281,129084.2,5.110873,1,1
"232","8/2/2018","Frank","12","S.m",0.1,27,3,0,TRUE,1281,129084.2,5.110873,1,1
"233","8/2/2018","Frank","12","S.m",0.1,27,3,0,TRUE,1281,129084.2,5.110873,1,1
"234","8/2/2018","Frank","12","S.m",1,30,1,1,FALSE,8493,448890.2,5.65214,1,0
"235","8/2/2018","Frank","12","S.m",1,30,1,1,FALSE,8493,448890.2,5.65214,1,0
"236","8/2/2018","Frank","12","S.m",1,30,1,1,FALSE,8493,448890.2,5.65214,1,0
"237","8/2/2018","Frank","12","S.m",1,30,1,1,FALSE,8493,448890.2,5.65214,1,0
"238","8/2/2018","Frank","12","S.m",1,30,1,1,FALSE,8493,448890.2,5.65214,1,0
"239","8/2/2018","Frank","12","S.m",1,30,3,1,FALSE,8493,448890.2,5.65214,1,0
"240","8/2/2018","Frank","12","S.m",1,30,3,1,FALSE,8493,448890.2,5.65214,1,0
"241","8/2/2018","Frank","12","S.m",1,32,1,1,FALSE,8493,448890.2,5.65214,1,0
"242","8/2/2018","Frank","12","S.m",1,32,1,1,FALSE,8493,448890.2,5.65214,1,0
"243","8/2/2018","Frank","12","S.m",1,32,1,1,FALSE,8493,448890.2,5.65214,1,0
"244","8/2/2018","Frank","12","S.m",1,32,1,1,FALSE,8493,448890.2,5.65214,1,0
"245","8/2/2018","Frank","12","S.m",1,32,1,1,FALSE,8493,448890.2,5.65214,1,0
"246","8/2/2018","Frank","12","S.m",1,32,1,1,FALSE,8493,448890.2,5.65214,1,0
"247","8/2/2018","Frank","12","S.m",1,32,3,0,TRUE,8493,448890.2,5.65214,1,1
"248","8/2/2018","Frank","12","S.m",1,32,3,0,TRUE,8493,448890.2,5.65214,1,1
"249","8/6/2018","Frank","13","PBS",0.01,5,1,1,FALSE,602,34671.89,4.539978,0,0
"250","8/6/2018","Frank","13","PBS",0.01,5,1,1,FALSE,602,34671.89,4.539978,0,0
"251","8/6/2018","Frank","13","PBS",0.01,5,2,1,FALSE,602,34671.89,4.539978,0,0
"252","8/6/2018","Frank","13","PBS",0.01,5,3,0,TRUE,602,34671.89,4.539978,0,1
"253","8/6/2018","Frank","13","PBS",0.01,5,3,0,TRUE,602,34671.89,4.539978,0,1
"254","8/6/2018","Frank","13","PBS",0.01,5,3,0,TRUE,602,34671.89,4.539978,0,1
"255","8/6/2018","Frank","13","PBS",0.01,8,1,1,FALSE,602,34671.89,4.539978,0,0
"256","8/6/2018","Frank","13","PBS",0.01,8,1,1,FALSE,602,34671.89,4.539978,0,0
"257","8/6/2018","Frank","13","PBS",0.01,8,1,1,FALSE,602,34671.89,4.539978,0,0
"258","8/6/2018","Frank","13","PBS",0.01,8,2,1,FALSE,602,34671.89,4.539978,0,0
"259","8/6/2018","Frank","13","PBS",0.01,8,3,1,FALSE,602,34671.89,4.539978,0,0
"260","8/6/2018","Frank","13","PBS",0.01,8,3,0,TRUE,602,34671.89,4.539978,0,1
"261","8/6/2018","Frank","13","PBS",0.01,9,1,1,FALSE,602,34671.89,4.539978,0,0
"262","8/6/2018","Frank","13","PBS",0.01,9,1,1,FALSE,602,34671.89,4.539978,0,0
"263","8/6/2018","Frank","13","PBS",0.01,9,2,1,FALSE,602,34671.89,4.539978,0,0
"264","8/6/2018","Frank","13","PBS",0.01,9,2,1,FALSE,602,34671.89,4.539978,0,0
"265","8/6/2018","Frank","13","PBS",0.01,9,3,1,FALSE,602,34671.89,4.539978,0,0
"266","8/6/2018","Frank","13","PBS",0.01,9,3,0,TRUE,602,34671.89,4.539978,0,1
"267","8/6/2018","Frank","13","PBS",0.01,9,3,0,TRUE,602,34671.89,4.539978,0,1
"268","8/6/2018","Frank","13","PBS",0.1,11,1,1,FALSE,2674.5,356523.6,5.552088,0,0
"269","8/6/2018","Frank","13","PBS",0.1,11,1,1,FALSE,2674.5,356523.6,5.552088,0,0
"270","8/6/2018","Frank","13","PBS",0.1,11,1,1,FALSE,2674.5,356523.6,5.552088,0,0
"271","8/6/2018","Frank","13","PBS",0.1,11,1,1,FALSE,2674.5,356523.6,5.552088,0,0
"272","8/6/2018","Frank","13","PBS",0.1,11,1,1,FALSE,2674.5,356523.6,5.552088,0,0
"273","8/6/2018","Frank","13","PBS",0.1,11,3,0,TRUE,2674.5,356523.6,5.552088,0,1
"274","8/6/2018","Frank","13","PBS",0.1,11,3,0,TRUE,2674.5,356523.6,5.552088,0,1
"275","8/6/2018","Frank","13","PBS",0.1,11,3,0,TRUE,2674.5,356523.6,5.552088,0,1
"276","8/6/2018","Frank","13","PBS",0.1,12,1,1,FALSE,2674.5,356523.6,5.552088,0,0
"277","8/6/2018","Frank","13","PBS",0.1,12,1,1,FALSE,2674.5,356523.6,5.552088,0,0
"278","8/6/2018","Frank","13","PBS",0.1,12,1,1,FALSE,2674.5,356523.6,5.552088,0,0
"279","8/6/2018","Frank","13","PBS",0.1,12,1,1,FALSE,2674.5,356523.6,5.552088,0,0
"280","8/6/2018","Frank","13","PBS",0.1,12,1,1,FALSE,2674.5,356523.6,5.552088,0,0
"281","8/6/2018","Frank","13","PBS",0.1,12,1,1,FALSE,2674.5,356523.6,5.552088,0,0
"282","8/6/2018","Frank","13","PBS",0.1,12,1,1,FALSE,2674.5,356523.6,5.552088,0,0
"283","8/6/2018","Frank","13","PBS",0.1,12,1,1,FALSE,2674.5,356523.6,5.552088,0,0
"284","8/6/2018","Frank","13","PBS",0.1,12,2,1,FALSE,2674.5,356523.6,5.552088,0,0
"285","8/6/2018","Frank","13","PBS",0.1,12,3,0,TRUE,2674.5,356523.6,5.552088,0,1
"286","8/6/2018","Frank","13","PBS",0.1,13,1,1,FALSE,2674.5,356523.6,5.552088,0,0
"287","8/6/2018","Frank","13","PBS",0.1,13,1,1,FALSE,2674.5,356523.6,5.552088,0,0
"288","8/6/2018","Frank","13","PBS",0.1,13,1,1,FALSE,2674.5,356523.6,5.552088,0,0
"289","8/6/2018","Frank","13","PBS",0.1,13,1,1,FALSE,2674.5,356523.6,5.552088,0,0
"290","8/6/2018","Frank","13","PBS",0.1,13,2,1,FALSE,2674.5,356523.6,5.552088,0,0
"291","8/6/2018","Frank","13","PBS",0.1,13,2,1,FALSE,2674.5,356523.6,5.552088,0,0
"292","8/6/2018","Frank","13","PBS",0.1,13,3,0,TRUE,2674.5,356523.6,5.552088,0,1
"293","8/6/2018","Frank","13","PBS",0.1,13,3,0,TRUE,2674.5,356523.6,5.552088,0,1
"294","8/6/2018","Frank","13","PBS",0.1,13,3,0,TRUE,2674.5,356523.6,5.552088,0,1
"295","8/6/2018","Frank","13","PBS",1,16,1,1,FALSE,19132,1947850,6.289556,0,0
"296","8/6/2018","Frank","13","PBS",1,16,1,1,FALSE,19132,1947850,6.289556,0,0
"297","8/6/2018","Frank","13","PBS",1,16,1,1,FALSE,19132,1947850,6.289556,0,0
"298","8/6/2018","Frank","13","PBS",1,16,1,1,FALSE,19132,1947850,6.289556,0,0
"299","8/6/2018","Frank","13","PBS",1,16,1,1,FALSE,19132,1947850,6.289556,0,0
"300","8/6/2018","Frank","13","PBS",1,17,1,1,FALSE,19132,1947850,6.289556,0,0
"301","8/6/2018","Frank","13","PBS",1,17,1,1,FALSE,19132,1947850,6.289556,0,0
"302","8/6/2018","Frank","13","PBS",1,17,1,1,FALSE,19132,1947850,6.289556,0,0
"303","8/6/2018","Frank","13","PBS",1,17,1,1,FALSE,19132,1947850,6.289556,0,0
"304","8/6/2018","Frank","13","PBS",1,17,1,1,FALSE,19132,1947850,6.289556,0,0
"305","8/6/2018","Frank","13","PBS",1,17,2,1,FALSE,19132,1947850,6.289556,0,0
"306","8/6/2018","Frank","13","PBS",1,17,2,1,FALSE,19132,1947850,6.289556,0,0
"307","8/6/2018","Frank","13","S.m",0.01,23,2,1,FALSE,521,4098.459,3.612621,1,0
"308","8/6/2018","Frank","13","S.m",0.01,23,2,1,FALSE,521,4098.459,3.612621,1,0
"309","8/6/2018","Frank","13","S.m",0.01,23,3,0,TRUE,521,4098.459,3.612621,1,1
"310","8/6/2018","Frank","13","S.m",0.01,23,3,0,TRUE,521,4098.459,3.612621,1,1
"311","8/6/2018","Frank","13","S.m",0.01,23,3,0,TRUE,521,4098.459,3.612621,1,1
"312","8/6/2018","Frank","13","S.m",0.01,23,3,0,TRUE,521,4098.459,3.612621,1,1
"313","8/6/2018","Frank","13","S.m",0.01,23,3,0,TRUE,521,4098.459,3.612621,1,1
"314","8/6/2018","Frank","13","S.m",0.01,24,2,1,FALSE,521,4098.459,3.612621,1,0
"315","8/6/2018","Frank","13","S.m",0.01,24,2,1,FALSE,521,4098.459,3.612621,1,0
"316","8/6/2018","Frank","13","S.m",0.01,24,3,1,FALSE,521,4098.459,3.612621,1,0
"317","8/6/2018","Frank","13","S.m",0.01,24,3,0,TRUE,521,4098.459,3.612621,1,1
"318","8/6/2018","Frank","13","S.m",0.01,24,3,0,TRUE,521,4098.459,3.612621,1,1
"319","8/6/2018","Frank","13","S.m",0.01,24,3,0,TRUE,521,4098.459,3.612621,1,1
"320","8/6/2018","Frank","13","S.m",0.01,24,3,0,TRUE,521,4098.459,3.612621,1,1
"321","8/6/2018","Frank","13","S.m",0.01,24,3,0,TRUE,521,4098.459,3.612621,1,1
"322","8/6/2018","Frank","13","S.m",0.01,25,1,1,FALSE,521,4098.459,3.612621,1,0
"323","8/6/2018","Frank","13","S.m",0.01,25,2,1,FALSE,521,4098.459,3.612621,1,0
"324","8/6/2018","Frank","13","S.m",0.01,25,2,1,FALSE,521,4098.459,3.612621,1,0
"325","8/6/2018","Frank","13","S.m",0.01,25,3,1,FALSE,521,4098.459,3.612621,1,0
"326","8/6/2018","Frank","13","S.m",0.01,25,3,0,TRUE,521,4098.459,3.612621,1,1
"327","8/6/2018","Frank","13","S.m",0.01,25,3,0,TRUE,521,4098.459,3.612621,1,1
"328","8/6/2018","Frank","13","S.m",0.01,25,3,0,TRUE,521,4098.459,3.612621,1,1
"329","8/6/2018","Frank","13","S.m",0.01,25,3,0,TRUE,521,4098.459,3.612621,1,1
"330","8/6/2018","Frank","13","S.m",0.01,25,3,0,TRUE,521,4098.459,3.612621,1,1
"331","8/6/2018","Frank","13","S.m",0.1,26,2,1,FALSE,2541,90878.13,4.958459,1,0
"332","8/6/2018","Frank","13","S.m",0.1,26,3,0,TRUE,2541,90878.13,4.958459,1,1
"333","8/6/2018","Frank","13","S.m",0.1,26,3,0,TRUE,2541,90878.13,4.958459,1,1
"334","8/6/2018","Frank","13","S.m",0.1,26,3,0,TRUE,2541,90878.13,4.958459,1,1
"335","8/6/2018","Frank","13","S.m",0.1,26,3,0,TRUE,2541,90878.13,4.958459,1,1
"336","8/6/2018","Frank","13","S.m",0.1,26,3,0,TRUE,2541,90878.13,4.958459,1,1
"337","8/6/2018","Frank","13","S.m",0.1,26,3,0,TRUE,2541,90878.13,4.958459,1,1
"338","8/6/2018","Frank","13","S.m",0.1,27,1,1,FALSE,2541,90878.13,4.958459,1,0
"339","8/6/2018","Frank","13","S.m",0.1,27,2,1,FALSE,2541,90878.13,4.958459,1,0
"340","8/6/2018","Frank","13","S.m",0.1,27,3,1,FALSE,2541,90878.13,4.958459,1,0
"341","8/6/2018","Frank","13","S.m",0.1,27,3,0,TRUE,2541,90878.13,4.958459,1,1
"342","8/6/2018","Frank","13","S.m",0.1,27,3,0,TRUE,2541,90878.13,4.958459,1,1
"343","8/6/2018","Frank","13","S.m",0.1,27,3,0,TRUE,2541,90878.13,4.958459,1,1
"344","8/6/2018","Frank","13","S.m",0.1,27,3,0,TRUE,2541,90878.13,4.958459,1,1
"345","8/6/2018","Frank","13","S.m",0.1,28,1,1,FALSE,2541,90878.13,4.958459,1,0
"346","8/6/2018","Frank","13","S.m",0.1,28,2,1,FALSE,2541,90878.13,4.958459,1,0
"347","8/6/2018","Frank","13","S.m",0.1,28,3,1,FALSE,2541,90878.13,4.958459,1,0
"348","8/6/2018","Frank","13","S.m",0.1,28,3,1,FALSE,2541,90878.13,4.958459,1,0
"349","8/6/2018","Frank","13","S.m",0.1,28,3,0,TRUE,2541,90878.13,4.958459,1,1
"350","8/6/2018","Frank","13","S.m",0.1,28,3,0,TRUE,2541,90878.13,4.958459,1,1
"351","8/6/2018","Frank","13","S.m",0.1,28,3,0,TRUE,2541,90878.13,4.958459,1,1
"352","8/6/2018","Frank","13","S.m",0.1,28,3,0,TRUE,2541,90878.13,4.958459,1,1
"353","8/6/2018","Frank","13","S.m",0.1,28,3,0,TRUE,2541,90878.13,4.958459,1,1
"354","8/6/2018","Frank","13","S.m",1,30,1,1,FALSE,19308,272147.3,5.434804,1,0
"355","8/6/2018","Frank","13","S.m",1,30,1,1,FALSE,19308,272147.3,5.434804,1,0
"356","8/6/2018","Frank","13","S.m",1,30,1,1,FALSE,19308,272147.3,5.434804,1,0
"357","8/6/2018","Frank","13","S.m",1,30,3,0,TRUE,19308,272147.3,5.434804,1,1
"358","8/6/2018","Frank","13","S.m",1,30,3,0,TRUE,19308,272147.3,5.434804,1,1
"359","8/6/2018","Frank","13","S.m",1,30,3,0,TRUE,19308,272147.3,5.434804,1,1
"360","8/6/2018","Frank","13","S.m",1,33,1,1,FALSE,19308,272147.3,5.434804,1,0
"361","8/6/2018","Frank","13","S.m",1,33,1,1,FALSE,19308,272147.3,5.434804,1,0
"362","8/6/2018","Frank","13","S.m",1,33,1,1,FALSE,19308,272147.3,5.434804,1,0
"363","8/6/2018","Frank","13","S.m",1,33,1,1,FALSE,19308,272147.3,5.434804,1,0
"364","8/6/2018","Frank","13","S.m",1,33,1,1,FALSE,19308,272147.3,5.434804,1,0
"365","8/6/2018","Frank","13","S.m",1,33,2,1,FALSE,19308,272147.3,5.434804,1,0
"366","8/6/2018","Frank","13","S.m",1,33,2,1,FALSE,19308,272147.3,5.434804,1,0
"367","8/6/2018","Frank","13","S.m",1,33,3,0,TRUE,19308,272147.3,5.434804,1,1
"368","8/6/2018","Frank","13","S.m",1,33,3,0,TRUE,19308,272147.3,5.434804,1,1
"369","6/14/2019","Abby","I","PBS",0.01,1,1,1,FALSE,640.2132,975.9559,2.98943,0,0
"370","6/14/2019","Abby","I","PBS",0.01,1,7,1,TRUE,640.2132,975.9559,2.98943,0,1
"371","6/14/2019","Abby","I","PBS",0.01,1,7,0,TRUE,640.2132,975.9559,2.98943,0,1
"372","6/14/2019","Abby","I","PBS",0.01,1,7,0,TRUE,640.2132,975.9559,2.98943,0,1
"373","6/14/2019","Abby","I","PBS",0.01,1,7,0,TRUE,640.2132,975.9559,2.98943,0,1
"374","6/14/2019","Abby","I","PBS",0.01,2,1,1,FALSE,640.2132,975.9559,2.98943,0,0
"375","6/14/2019","Abby","I","PBS",0.01,2,1,1,FALSE,640.2132,975.9559,2.98943,0,0
"376","6/14/2019","Abby","I","PBS",0.01,2,1,1,FALSE,640.2132,975.9559,2.98943,0,0
"377","6/14/2019","Abby","I","PBS",0.01,2,7,0,TRUE,640.2132,975.9559,2.98943,0,1
"378","6/14/2019","Abby","I","PBS",0.01,2,7,0,TRUE,640.2132,975.9559,2.98943,0,1
"379","6/14/2019","Abby","I","PBS",0.01,3,1,1,FALSE,640.2132,975.9559,2.98943,0,0
"380","6/14/2019","Abby","I","PBS",0.01,3,1,1,FALSE,640.2132,975.9559,2.98943,0,0
"381","6/14/2019","Abby","I","PBS",0.01,3,1,1,FALSE,640.2132,975.9559,2.98943,0,0
"382","6/14/2019","Abby","I","PBS",0.01,3,1,1,FALSE,640.2132,975.9559,2.98943,0,0
"383","6/14/2019","Abby","I","PBS",0.01,3,7,0,TRUE,640.2132,975.9559,2.98943,0,1
"384","6/14/2019","Abby","I","PBS",0.1,4,1,1,FALSE,1126.569,46472.57,4.667197,0,0
"385","6/14/2019","Abby","I","PBS",0.1,4,4,1,TRUE,1126.569,46472.57,4.667197,0,1
"386","6/14/2019","Abby","I","PBS",0.1,4,7,0,TRUE,1126.569,46472.57,4.667197,0,1
"387","6/14/2019","Abby","I","PBS",0.1,4,7,0,TRUE,1126.569,46472.57,4.667197,0,1
"388","6/14/2019","Abby","I","PBS",0.1,4,7,0,TRUE,1126.569,46472.57,4.667197,0,1
"389","6/14/2019","Abby","I","PBS",0.1,5,1,1,FALSE,1126.569,46472.57,4.667197,0,0
"390","6/14/2019","Abby","I","PBS",0.1,5,1,1,FALSE,1126.569,46472.57,4.667197,0,0
"391","6/14/2019","Abby","I","PBS",0.1,5,1,1,FALSE,1126.569,46472.57,4.667197,0,0
"392","6/14/2019","Abby","I","PBS",0.1,5,7,0,TRUE,1126.569,46472.57,4.667197,0,1
"393","6/14/2019","Abby","I","PBS",0.1,6,1,1,FALSE,1126.569,46472.57,4.667197,0,0
"394","6/14/2019","Abby","I","PBS",0.1,6,2,1,FALSE,1126.569,46472.57,4.667197,0,0
"395","6/14/2019","Abby","I","PBS",0.1,6,7,0,TRUE,1126.569,46472.57,4.667197,0,1
"396","6/14/2019","Abby","I","PBS",0.1,6,7,0,TRUE,1126.569,46472.57,4.667197,0,1
"397","6/14/2019","Abby","I","PBS",0.1,6,7,0,TRUE,1126.569,46472.57,4.667197,0,1
"398","6/14/2019","Abby","I","PBS",1,7,1,1,FALSE,1675.394,293197.1,5.46716,0,0
"399","6/14/2019","Abby","I","PBS",1,7,1,1,FALSE,1675.394,293197.1,5.46716,0,0
"400","6/14/2019","Abby","I","PBS",1,7,1,1,FALSE,1675.394,293197.1,5.46716,0,0
"401","6/14/2019","Abby","I","PBS",1,7,1,1,FALSE,1675.394,293197.1,5.46716,0,0
"402","6/14/2019","Abby","I","PBS",1,7,1,1,FALSE,1675.394,293197.1,5.46716,0,0
"403","6/14/2019","Abby","I","PBS",1,8,1,1,FALSE,1675.394,293197.1,5.46716,0,0
"404","6/14/2019","Abby","I","PBS",1,8,1,1,FALSE,1675.394,293197.1,5.46716,0,0
"405","6/14/2019","Abby","I","PBS",1,8,1,1,FALSE,1675.394,293197.1,5.46716,0,0
"406","6/14/2019","Abby","I","PBS",1,8,1,1,FALSE,1675.394,293197.1,5.46716,0,0
"407","6/14/2019","Abby","I","PBS",1,8,1,1,FALSE,1675.394,293197.1,5.46716,0,0
"408","6/14/2019","Abby","I","PBS",1,8,1,1,FALSE,1675.394,293197.1,5.46716,0,0
"409","6/14/2019","Abby","I","PBS",1,9,1,1,FALSE,1675.394,293197.1,5.46716,0,0
"410","6/14/2019","Abby","I","PBS",1,9,1,1,FALSE,1675.394,293197.1,5.46716,0,0
"411","6/14/2019","Abby","I","PBS",1,9,1,1,FALSE,1675.394,293197.1,5.46716,0,0
"412","6/14/2019","Abby","I","PBS",1,9,1,1,FALSE,1675.394,293197.1,5.46716,0,0
"413","6/14/2019","Abby","I","PBS",1,9,1,1,FALSE,1675.394,293197.1,5.46716,0,0
"414","6/14/2019","Abby","I","PBS",1,9,1,1,FALSE,1675.394,293197.1,5.46716,0,0
"415","6/14/2019","Abby","I","PBS",2,10,1,1,FALSE,3775.709,2605993,6.415973,0,0
"416","6/14/2019","Abby","I","PBS",2,10,1,1,FALSE,3775.709,2605993,6.415973,0,0
"417","6/14/2019","Abby","I","PBS",2,10,1,1,FALSE,3775.709,2605993,6.415973,0,0
"418","6/14/2019","Abby","I","PBS",2,10,1,1,FALSE,3775.709,2605993,6.415973,0,0
"419","6/14/2019","Abby","I","PBS",2,10,1,1,FALSE,3775.709,2605993,6.415973,0,0
"420","6/14/2019","Abby","I","PBS",2,10,1,1,FALSE,3775.709,2605993,6.415973,0,0
"421","6/14/2019","Abby","I","PBS",2,11,1,1,FALSE,3775.709,2605993,6.415973,0,0
"422","6/14/2019","Abby","I","PBS",2,11,1,1,FALSE,3775.709,2605993,6.415973,0,0
"423","6/14/2019","Abby","I","PBS",2,11,1,1,FALSE,3775.709,2605993,6.415973,0,0
"424","6/14/2019","Abby","I","PBS",2,11,1,1,FALSE,3775.709,2605993,6.415973,0,0
"425","6/14/2019","Abby","I","PBS",2,11,1,1,FALSE,3775.709,2605993,6.415973,0,0
"426","6/14/2019","Abby","I","PBS",2,11,1,1,FALSE,3775.709,2605993,6.415973,0,0
"427","6/14/2019","Abby","I","PBS",2,12,1,1,FALSE,3775.709,2605993,6.415973,0,0
"428","6/14/2019","Abby","I","PBS",2,12,1,1,FALSE,3775.709,2605993,6.415973,0,0
"429","6/14/2019","Abby","I","PBS",2,12,1,1,FALSE,3775.709,2605993,6.415973,0,0
"430","6/14/2019","Abby","I","PBS",2,12,1,1,FALSE,3775.709,2605993,6.415973,0,0
"431","6/14/2019","Abby","I","PBS",2,12,1,1,FALSE,3775.709,2605993,6.415973,0,0
"432","6/14/2019","Abby","I","PBS",2,12,1,1,FALSE,3775.709,2605993,6.415973,0,0
"433","6/14/2019","Abby","I","PBS",2,12,1,1,FALSE,3775.709,2605993,6.415973,0,0
"434","6/14/2019","Abby","I","PBS",2,12,1,1,FALSE,3775.709,2605993,6.415973,0,0
"435","6/14/2019","Abby","I","S.m",0.01,13,1,1,FALSE,257.9349,1243.068,3.094495,1,0
"436","6/14/2019","Abby","I","S.m",0.01,13,7,0,TRUE,257.9349,1243.068,3.094495,1,1
"437","6/14/2019","Abby","I","S.m",0.01,13,7,0,TRUE,257.9349,1243.068,3.094495,1,1
"438","6/14/2019","Abby","I","S.m",0.01,13,7,0,TRUE,257.9349,1243.068,3.094495,1,1
"439","6/14/2019","Abby","I","S.m",0.01,13,7,0,TRUE,257.9349,1243.068,3.094495,1,1
"440","6/14/2019","Abby","I","S.m",0.01,13,7,0,TRUE,257.9349,1243.068,3.094495,1,1
"441","6/14/2019","Abby","I","S.m",0.01,14,1,1,FALSE,257.9349,1243.068,3.094495,1,0
"442","6/14/2019","Abby","I","S.m",0.01,14,7,0,TRUE,257.9349,1243.068,3.094495,1,1
"443","6/14/2019","Abby","I","S.m",0.01,14,7,0,TRUE,257.9349,1243.068,3.094495,1,1
"444","6/14/2019","Abby","I","S.m",0.01,14,7,0,TRUE,257.9349,1243.068,3.094495,1,1
"445","6/14/2019","Abby","I","S.m",0.01,14,7,0,TRUE,257.9349,1243.068,3.094495,1,1
"446","6/14/2019","Abby","I","S.m",0.01,15,1,1,FALSE,257.9349,1243.068,3.094495,1,0
"447","6/14/2019","Abby","I","S.m",0.01,15,7,1,TRUE,257.9349,1243.068,3.094495,1,1
"448","6/14/2019","Abby","I","S.m",0.01,15,7,0,TRUE,257.9349,1243.068,3.094495,1,1
"449","6/14/2019","Abby","I","S.m",0.01,15,7,0,TRUE,257.9349,1243.068,3.094495,1,1
"450","6/14/2019","Abby","I","S.m",0.1,16,7,0,TRUE,955.9098,5797.703,3.763256,1,1
"451","6/14/2019","Abby","I","S.m",0.1,16,7,0,TRUE,955.9098,5797.703,3.763256,1,1
"452","6/14/2019","Abby","I","S.m",0.1,16,7,0,TRUE,955.9098,5797.703,3.763256,1,1
"453","6/14/2019","Abby","I","S.m",0.1,16,7,0,TRUE,955.9098,5797.703,3.763256,1,1
"454","6/14/2019","Abby","I","S.m",0.1,16,7,0,TRUE,955.9098,5797.703,3.763256,1,1
"455","6/14/2019","Abby","I","S.m",0.1,17,7,0,TRUE,955.9098,5797.703,3.763256,1,1
"456","6/14/2019","Abby","I","S.m",0.1,17,7,0,TRUE,955.9098,5797.703,3.763256,1,1
"457","6/14/2019","Abby","I","S.m",0.1,17,7,0,TRUE,955.9098,5797.703,3.763256,1,1
"458","6/14/2019","Abby","I","S.m",0.1,17,7,0,TRUE,955.9098,5797.703,3.763256,1,1
"459","6/14/2019","Abby","I","S.m",0.1,17,7,0,TRUE,955.9098,5797.703,3.763256,1,1
"460","6/14/2019","Abby","I","S.m",0.1,17,7,0,TRUE,955.9098,5797.703,3.763256,1,1
"461","6/14/2019","Abby","I","S.m",0.1,18,7,0,TRUE,955.9098,5797.703,3.763256,1,1
"462","6/14/2019","Abby","I","S.m",0.1,18,7,0,TRUE,955.9098,5797.703,3.763256,1,1
"463","6/14/2019","Abby","I","S.m",0.1,18,7,0,TRUE,955.9098,5797.703,3.763256,1,1
"464","6/14/2019","Abby","I","S.m",0.1,18,7,0,TRUE,955.9098,5797.703,3.763256,1,1
"465","6/14/2019","Abby","I","S.m",0.1,18,7,0,TRUE,955.9098,5797.703,3.763256,1,1
"466","6/14/2019","Abby","I","S.m",0.1,18,7,0,TRUE,955.9098,5797.703,3.763256,1,1
"467","6/14/2019","Abby","I","S.m",0.1,18,7,0,TRUE,955.9098,5797.703,3.763256,1,1
"468","6/14/2019","Abby","I","S.m",0.1,18,7,0,TRUE,955.9098,5797.703,3.763256,1,1
"469","6/14/2019","Abby","I","S.m",1,19,4,1,TRUE,6523.842,5714.233,3.756958,1,1
"470","6/14/2019","Abby","I","S.m",1,19,7,1,TRUE,6523.842,5714.233,3.756958,1,1
"471","6/14/2019","Abby","I","S.m",1,19,7,0,TRUE,6523.842,5714.233,3.756958,1,1
"472","6/14/2019","Abby","I","S.m",1,19,7,0,TRUE,6523.842,5714.233,3.756958,1,1
"473","6/14/2019","Abby","I","S.m",1,19,7,0,TRUE,6523.842,5714.233,3.756958,1,1
"474","6/14/2019","Abby","I","S.m",1,19,7,0,TRUE,6523.842,5714.233,3.756958,1,1
"475","6/14/2019","Abby","I","S.m",1,20,7,0,TRUE,6523.842,5714.233,3.756958,1,1
"476","6/14/2019","Abby","I","S.m",1,20,7,0,TRUE,6523.842,5714.233,3.756958,1,1
"477","6/14/2019","Abby","I","S.m",1,20,7,0,TRUE,6523.842,5714.233,3.756958,1,1
"478","6/14/2019","Abby","I","S.m",1,20,7,0,TRUE,6523.842,5714.233,3.756958,1,1
"479","6/14/2019","Abby","I","S.m",1,20,7,0,TRUE,6523.842,5714.233,3.756958,1,1
"480","6/14/2019","Abby","I","S.m",1,20,7,0,TRUE,6523.842,5714.233,3.756958,1,1
"481","6/14/2019","Abby","I","S.m",1,21,2,1,FALSE,6523.842,5714.233,3.756958,1,0
"482","6/14/2019","Abby","I","S.m",1,21,7,0,TRUE,6523.842,5714.233,3.756958,1,1
"483","6/14/2019","Abby","I","S.m",1,21,7,0,TRUE,6523.842,5714.233,3.756958,1,1
"484","6/14/2019","Abby","I","S.m",1,21,7,0,TRUE,6523.842,5714.233,3.756958,1,1
"485","6/14/2019","Abby","I","S.m",1,21,7,0,TRUE,6523.842,5714.233,3.756958,1,1
"486","6/14/2019","Abby","I","S.m",2,22,1,1,FALSE,7812.488,4925.815,3.692478,1,0
"487","6/14/2019","Abby","I","S.m",2,22,5,1,TRUE,7812.488,4925.815,3.692478,1,1
"488","6/14/2019","Abby","I","S.m",2,22,7,0,TRUE,7812.488,4925.815,3.692478,1,1
"489","6/14/2019","Abby","I","S.m",2,22,7,0,TRUE,7812.488,4925.815,3.692478,1,1
"490","6/14/2019","Abby","I","S.m",2,22,7,0,TRUE,7812.488,4925.815,3.692478,1,1
"491","6/14/2019","Abby","I","S.m",2,23,1,1,FALSE,7812.488,4925.815,3.692478,1,0
"492","6/14/2019","Abby","I","S.m",2,23,7,0,TRUE,7812.488,4925.815,3.692478,1,1
"493","6/14/2019","Abby","I","S.m",2,23,7,0,TRUE,7812.488,4925.815,3.692478,1,1
"494","6/14/2019","Abby","I","S.m",2,23,7,0,TRUE,7812.488,4925.815,3.692478,1,1
"495","6/14/2019","Abby","I","S.m",2,23,7,0,TRUE,7812.488,4925.815,3.692478,1,1
"496","6/14/2019","Abby","I","S.m",2,23,7,0,TRUE,7812.488,4925.815,3.692478,1,1
"497","6/14/2019","Abby","I","S.m",2,24,1,1,FALSE,7812.488,4925.815,3.692478,1,0
"498","6/14/2019","Abby","I","S.m",2,24,3,1,FALSE,7812.488,4925.815,3.692478,1,0
"499","6/14/2019","Abby","I","S.m",2,24,7,0,TRUE,7812.488,4925.815,3.692478,1,1
"500","6/14/2019","Abby","I","S.m",2,24,7,0,TRUE,7812.488,4925.815,3.692478,1,1
"501","6/14/2019","Abby","I","S.m",2,24,7,0,TRUE,7812.488,4925.815,3.692478,1,1
"502","6/14/2019","Abby","I","S.m",2,24,7,0,TRUE,7812.488,4925.815,3.692478,1,1
"503","6/14/2019","Abby","I","S.m",2,24,7,0,TRUE,7812.488,4925.815,3.692478,1,1
"504","6/17/2019","Abby","II","PBS",0.01,1,1,1,FALSE,202.7326,22168.53,4.345737,0,0
"505","6/17/2019","Abby","II","PBS",0.01,1,2,1,FALSE,202.7326,22168.53,4.345737,0,0
"506","6/17/2019","Abby","II","PBS",0.01,1,2,1,FALSE,202.7326,22168.53,4.345737,0,0
"507","6/17/2019","Abby","II","PBS",0.01,1,5,1,TRUE,202.7326,22168.53,4.345737,0,1
"508","6/17/2019","Abby","II","PBS",0.01,1,7,0,TRUE,202.7326,22168.53,4.345737,0,1
"509","6/17/2019","Abby","II","PBS",0.01,2,1,1,FALSE,202.7326,22168.53,4.345737,0,0
"510","6/17/2019","Abby","II","PBS",0.01,2,1,1,FALSE,202.7326,22168.53,4.345737,0,0
"511","6/17/2019","Abby","II","PBS",0.01,2,2,1,FALSE,202.7326,22168.53,4.345737,0,0
"512","6/17/2019","Abby","II","PBS",0.01,2,7,0,TRUE,202.7326,22168.53,4.345737,0,1
"513","6/17/2019","Abby","II","PBS",0.01,2,7,0,TRUE,202.7326,22168.53,4.345737,0,1
"514","6/17/2019","Abby","II","PBS",0.01,2,7,0,TRUE,202.7326,22168.53,4.345737,0,1
"515","6/17/2019","Abby","II","PBS",0.01,3,1,1,FALSE,202.7326,22168.53,4.345737,0,0
"516","6/17/2019","Abby","II","PBS",0.01,3,2,1,FALSE,202.7326,22168.53,4.345737,0,0
"517","6/17/2019","Abby","II","PBS",0.01,3,3,1,FALSE,202.7326,22168.53,4.345737,0,0
"518","6/17/2019","Abby","II","PBS",0.01,3,7,0,TRUE,202.7326,22168.53,4.345737,0,1
"519","6/17/2019","Abby","II","PBS",0.1,4,1,1,FALSE,832.0118,84348.63,4.926078,0,0
"520","6/17/2019","Abby","II","PBS",0.1,4,2,1,FALSE,832.0118,84348.63,4.926078,0,0
"521","6/17/2019","Abby","II","PBS",0.1,4,2,1,FALSE,832.0118,84348.63,4.926078,0,0
"522","6/17/2019","Abby","II","PBS",0.1,4,7,0,TRUE,832.0118,84348.63,4.926078,0,1
"523","6/17/2019","Abby","II","PBS",0.1,4,7,0,TRUE,832.0118,84348.63,4.926078,0,1
"524","6/17/2019","Abby","II","PBS",0.1,4,7,0,TRUE,832.0118,84348.63,4.926078,0,1
"525","6/17/2019","Abby","II","PBS",0.1,5,1,1,FALSE,832.0118,84348.63,4.926078,0,0
"526","6/17/2019","Abby","II","PBS",0.1,5,1,1,FALSE,832.0118,84348.63,4.926078,0,0
"527","6/17/2019","Abby","II","PBS",0.1,5,2,1,FALSE,832.0118,84348.63,4.926078,0,0
"528","6/17/2019","Abby","II","PBS",0.1,5,7,0,TRUE,832.0118,84348.63,4.926078,0,1
"529","6/17/2019","Abby","II","PBS",0.1,5,7,0,TRUE,832.0118,84348.63,4.926078,0,1
"530","6/17/2019","Abby","II","PBS",0.1,5,7,0,TRUE,832.0118,84348.63,4.926078,0,1
"531","6/17/2019","Abby","II","PBS",0.1,6,1,1,FALSE,832.0118,84348.63,4.926078,0,0
"532","6/17/2019","Abby","II","PBS",0.1,6,2,1,FALSE,832.0118,84348.63,4.926078,0,0
"533","6/17/2019","Abby","II","PBS",0.1,6,5,1,TRUE,832.0118,84348.63,4.926078,0,1
"534","6/17/2019","Abby","II","PBS",0.1,6,7,0,TRUE,832.0118,84348.63,4.926078,0,1
"535","6/17/2019","Abby","II","PBS",0.1,6,7,0,TRUE,832.0118,84348.63,4.926078,0,1
"536","6/17/2019","Abby","II","PBS",0.1,6,7,0,TRUE,832.0118,84348.63,4.926078,0,1
"537","6/17/2019","Abby","II","PBS",0.1,6,7,0,TRUE,832.0118,84348.63,4.926078,0,1
"538","6/17/2019","Abby","II","PBS",1,7,1,1,FALSE,4793.677,1622938,6.210302,0,0
"539","6/17/2019","Abby","II","PBS",1,7,1,1,FALSE,4793.677,1622938,6.210302,0,0
"540","6/17/2019","Abby","II","PBS",1,7,1,1,FALSE,4793.677,1622938,6.210302,0,0
"541","6/17/2019","Abby","II","PBS",1,7,1,1,FALSE,4793.677,1622938,6.210302,0,0
"542","6/17/2019","Abby","II","PBS",1,7,1,1,FALSE,4793.677,1622938,6.210302,0,0
"543","6/17/2019","Abby","II","PBS",1,7,7,0,TRUE,4793.677,1622938,6.210302,0,1
"544","6/17/2019","Abby","II","PBS",1,8,1,1,FALSE,4793.677,1622938,6.210302,0,0
"545","6/17/2019","Abby","II","PBS",1,8,1,1,FALSE,4793.677,1622938,6.210302,0,0
"546","6/17/2019","Abby","II","PBS",1,8,1,1,FALSE,4793.677,1622938,6.210302,0,0
"547","6/17/2019","Abby","II","PBS",1,8,1,1,FALSE,4793.677,1622938,6.210302,0,0
"548","6/17/2019","Abby","II","PBS",1,8,2,1,FALSE,4793.677,1622938,6.210302,0,0
"549","6/17/2019","Abby","II","PBS",1,9,1,1,FALSE,4793.677,1622938,6.210302,0,0
"550","6/17/2019","Abby","II","PBS",1,9,1,1,FALSE,4793.677,1622938,6.210302,0,0
"551","6/17/2019","Abby","II","PBS",1,9,1,1,FALSE,4793.677,1622938,6.210302,0,0
"552","6/17/2019","Abby","II","PBS",1,9,1,1,FALSE,4793.677,1622938,6.210302,0,0
"553","6/17/2019","Abby","II","PBS",1,9,1,1,FALSE,4793.677,1622938,6.210302,0,0
"554","6/17/2019","Abby","II","PBS",1,9,1,1,FALSE,4793.677,1622938,6.210302,0,0
"555","6/17/2019","Abby","II","PBS",2,10,1,1,FALSE,6410.193,1358423,6.133035,0,0
"556","6/17/2019","Abby","II","PBS",2,10,1,1,FALSE,6410.193,1358423,6.133035,0,0
"557","6/17/2019","Abby","II","PBS",2,10,1,1,FALSE,6410.193,1358423,6.133035,0,0
"558","6/17/2019","Abby","II","PBS",2,10,1,1,FALSE,6410.193,1358423,6.133035,0,0
"559","6/17/2019","Abby","II","PBS",2,10,1,1,FALSE,6410.193,1358423,6.133035,0,0
"560","6/17/2019","Abby","II","PBS",2,11,1,1,FALSE,6410.193,1358423,6.133035,0,0
"561","6/17/2019","Abby","II","PBS",2,11,1,1,FALSE,6410.193,1358423,6.133035,0,0
"562","6/17/2019","Abby","II","PBS",2,11,1,1,FALSE,6410.193,1358423,6.133035,0,0
"563","6/17/2019","Abby","II","PBS",2,11,1,1,FALSE,6410.193,1358423,6.133035,0,0
"564","6/17/2019","Abby","II","PBS",2,11,1,1,FALSE,6410.193,1358423,6.133035,0,0
"565","6/17/2019","Abby","II","PBS",2,11,1,1,FALSE,6410.193,1358423,6.133035,0,0
"566","6/17/2019","Abby","II","PBS",2,12,1,1,FALSE,6410.193,1358423,6.133035,0,0
"567","6/17/2019","Abby","II","PBS",2,12,1,1,FALSE,6410.193,1358423,6.133035,0,0
"568","6/17/2019","Abby","II","PBS",2,12,1,1,FALSE,6410.193,1358423,6.133035,0,0
"569","6/17/2019","Abby","II","PBS",2,12,1,1,FALSE,6410.193,1358423,6.133035,0,0
"570","6/17/2019","Abby","II","PBS",2,12,1,1,FALSE,6410.193,1358423,6.133035,0,0
"571","6/17/2019","Abby","II","PBS",2,12,1,1,FALSE,6410.193,1358423,6.133035,0,0
"572","6/17/2019","Abby","II","S.m",0.01,13,2,1,FALSE,514.7697,2974.15,3.473363,1,0
"573","6/17/2019","Abby","II","S.m",0.01,13,7,0,TRUE,514.7697,2974.15,3.473363,1,1
"574","6/17/2019","Abby","II","S.m",0.01,13,7,0,TRUE,514.7697,2974.15,3.473363,1,1
"575","6/17/2019","Abby","II","S.m",0.01,13,7,0,TRUE,514.7697,2974.15,3.473363,1,1
"576","6/17/2019","Abby","II","S.m",0.01,13,7,0,TRUE,514.7697,2974.15,3.473363,1,1
"577","6/17/2019","Abby","II","S.m",0.01,14,1,1,FALSE,514.7697,2974.15,3.473363,1,0
"578","6/17/2019","Abby","II","S.m",0.01,14,1,1,FALSE,514.7697,2974.15,3.473363,1,0
"579","6/17/2019","Abby","II","S.m",0.01,14,2,1,FALSE,514.7697,2974.15,3.473363,1,0
"580","6/17/2019","Abby","II","S.m",0.01,14,2,1,FALSE,514.7697,2974.15,3.473363,1,0
"581","6/17/2019","Abby","II","S.m",0.01,14,7,0,TRUE,514.7697,2974.15,3.473363,1,1
"582","6/17/2019","Abby","II","S.m",0.01,14,7,0,TRUE,514.7697,2974.15,3.473363,1,1
"583","6/17/2019","Abby","II","S.m",0.01,15,2,1,FALSE,514.7697,2974.15,3.473363,1,0
"584","6/17/2019","Abby","II","S.m",0.01,15,2,1,FALSE,514.7697,2974.15,3.473363,1,0
"585","6/17/2019","Abby","II","S.m",0.01,15,2,1,FALSE,514.7697,2974.15,3.473363,1,0
"586","6/17/2019","Abby","II","S.m",0.01,15,7,0,TRUE,514.7697,2974.15,3.473363,1,1
"587","6/17/2019","Abby","II","S.m",0.01,15,7,0,TRUE,514.7697,2974.15,3.473363,1,1
"588","6/17/2019","Abby","II","S.m",0.01,15,7,0,TRUE,514.7697,2974.15,3.473363,1,1
"589","6/17/2019","Abby","II","S.m",0.01,15,7,0,TRUE,514.7697,2974.15,3.473363,1,1
"590","6/17/2019","Abby","II","S.m",0.1,16,4,1,TRUE,788.1195,24601.78,4.390967,1,1
"591","6/17/2019","Abby","II","S.m",0.1,16,5,1,TRUE,788.1195,24601.78,4.390967,1,1
"592","6/17/2019","Abby","II","S.m",0.1,16,7,0,TRUE,788.1195,24601.78,4.390967,1,1
"593","6/17/2019","Abby","II","S.m",0.1,16,7,0,TRUE,788.1195,24601.78,4.390967,1,1
"594","6/17/2019","Abby","II","S.m",0.1,17,2,1,FALSE,788.1195,24601.78,4.390967,1,0
"595","6/17/2019","Abby","II","S.m",0.1,17,4,1,TRUE,788.1195,24601.78,4.390967,1,1
"596","6/17/2019","Abby","II","S.m",0.1,17,7,0,TRUE,788.1195,24601.78,4.390967,1,1
"597","6/17/2019","Abby","II","S.m",0.1,17,7,0,TRUE,788.1195,24601.78,4.390967,1,1
"598","6/17/2019","Abby","II","S.m",0.1,18,1,1,FALSE,788.1195,24601.78,4.390967,1,0
"599","6/17/2019","Abby","II","S.m",0.1,18,6,0,TRUE,788.1195,24601.78,4.390967,1,1
"600","6/17/2019","Abby","II","S.m",0.1,18,7,0,TRUE,788.1195,24601.78,4.390967,1,1
"601","6/17/2019","Abby","II","S.m",0.1,18,7,0,TRUE,788.1195,24601.78,4.390967,1,1
"602","6/17/2019","Abby","II","S.m",0.1,18,7,0,TRUE,788.1195,24601.78,4.390967,1,1
"603","6/17/2019","Abby","II","S.m",1,19,2,1,FALSE,3642.738,524149.8,5.719455,1,0
"604","6/17/2019","Abby","II","S.m",1,19,4,1,TRUE,3642.738,524149.8,5.719455,1,1
"605","6/17/2019","Abby","II","S.m",1,19,7,0,TRUE,3642.738,524149.8,5.719455,1,1
"606","6/17/2019","Abby","II","S.m",1,19,7,0,TRUE,3642.738,524149.8,5.719455,1,1
"607","6/17/2019","Abby","II","S.m",1,19,7,0,TRUE,3642.738,524149.8,5.719455,1,1
"608","6/17/2019","Abby","II","S.m",1,19,7,0,TRUE,3642.738,524149.8,5.719455,1,1
"609","6/17/2019","Abby","II","S.m",1,20,2,1,FALSE,3642.738,524149.8,5.719455,1,0
"610","6/17/2019","Abby","II","S.m",1,20,7,0,TRUE,3642.738,524149.8,5.719455,1,1
"611","6/17/2019","Abby","II","S.m",1,20,7,0,TRUE,3642.738,524149.8,5.719455,1,1
"612","6/17/2019","Abby","II","S.m",1,20,7,0,TRUE,3642.738,524149.8,5.719455,1,1
"613","6/17/2019","Abby","II","S.m",1,21,1,1,FALSE,3642.738,524149.8,5.719455,1,0
"614","6/17/2019","Abby","II","S.m",1,21,1,1,FALSE,3642.738,524149.8,5.719455,1,0
"615","6/17/2019","Abby","II","S.m",1,21,1,1,FALSE,3642.738,524149.8,5.719455,1,0
"616","6/17/2019","Abby","II","S.m",1,21,7,0,TRUE,3642.738,524149.8,5.719455,1,1
"617","6/17/2019","Abby","II","S.m",1,21,7,0,TRUE,3642.738,524149.8,5.719455,1,1
"618","6/17/2019","Abby","II","S.m",1,21,7,0,TRUE,3642.738,524149.8,5.719455,1,1
"619","6/17/2019","Abby","II","S.m",2,22,1,1,FALSE,12438.11,284407.4,5.453941,1,0
"620","6/17/2019","Abby","II","S.m",2,22,4,1,TRUE,12438.11,284407.4,5.453941,1,1
"621","6/17/2019","Abby","II","S.m",2,22,7,0,TRUE,12438.11,284407.4,5.453941,1,1
"622","6/17/2019","Abby","II","S.m",2,22,7,0,TRUE,12438.11,284407.4,5.453941,1,1
"623","6/17/2019","Abby","II","S.m",2,23,1,1,FALSE,12438.11,284407.4,5.453941,1,0
"624","6/17/2019","Abby","II","S.m",2,23,2,1,FALSE,12438.11,284407.4,5.453941,1,0
"625","6/17/2019","Abby","II","S.m",2,23,7,0,TRUE,12438.11,284407.4,5.453941,1,1
"626","6/17/2019","Abby","II","S.m",2,23,7,0,TRUE,12438.11,284407.4,5.453941,1,1
"627","6/17/2019","Abby","II","S.m",2,24,1,1,FALSE,12438.11,284407.4,5.453941,1,0
"628","6/17/2019","Abby","II","S.m",2,24,7,0,TRUE,12438.11,284407.4,5.453941,1,1
"629","6/17/2019","Abby","II","S.m",2,24,7,0,TRUE,12438.11,284407.4,5.453941,1,1
"630","6/19/2019","Abby","III","PBS",0.01,1,1,1,FALSE,199.3612,4452.147,3.64857,0,0
"631","6/19/2019","Abby","III","PBS",0.01,1,1,1,FALSE,199.3612,4452.147,3.64857,0,0
"632","6/19/2019","Abby","III","PBS",0.01,1,1,1,FALSE,199.3612,4452.147,3.64857,0,0
"633","6/19/2019","Abby","III","PBS",0.01,1,2,1,FALSE,199.3612,4452.147,3.64857,0,0
"634","6/19/2019","Abby","III","PBS",0.01,1,2,1,FALSE,199.3612,4452.147,3.64857,0,0
"635","6/19/2019","Abby","III","PBS",0.01,2,2,1,FALSE,199.3612,4452.147,3.64857,0,0
"636","6/19/2019","Abby","III","PBS",0.01,2,3,1,FALSE,199.3612,4452.147,3.64857,0,0
"637","6/19/2019","Abby","III","PBS",0.01,2,7,0,TRUE,199.3612,4452.147,3.64857,0,1
"638","6/19/2019","Abby","III","PBS",0.01,2,7,0,TRUE,199.3612,4452.147,3.64857,0,1
"639","6/19/2019","Abby","III","PBS",0.01,2,7,0,TRUE,199.3612,4452.147,3.64857,0,1
"640","6/19/2019","Abby","III","PBS",0.01,3,1,1,FALSE,199.3612,4452.147,3.64857,0,0
"641","6/19/2019","Abby","III","PBS",0.01,3,2,1,FALSE,199.3612,4452.147,3.64857,0,0
"642","6/19/2019","Abby","III","PBS",0.01,3,2,1,FALSE,199.3612,4452.147,3.64857,0,0
"643","6/19/2019","Abby","III","PBS",0.01,3,7,0,TRUE,199.3612,4452.147,3.64857,0,1
"644","6/19/2019","Abby","III","PBS",0.01,3,7,0,TRUE,199.3612,4452.147,3.64857,0,1
"645","6/19/2019","Abby","III","PBS",0.1,4,1,1,FALSE,360.7861,60541.68,4.782054,0,0
"646","6/19/2019","Abby","III","PBS",0.1,4,2,1,FALSE,360.7861,60541.68,4.782054,0,0
"647","6/19/2019","Abby","III","PBS",0.1,5,1,1,FALSE,360.7861,60541.68,4.782054,0,0
"648","6/19/2019","Abby","III","PBS",0.1,5,1,1,FALSE,360.7861,60541.68,4.782054,0,0
"649","6/19/2019","Abby","III","PBS",0.1,5,2,1,FALSE,360.7861,60541.68,4.782054,0,0
"650","6/19/2019","Abby","III","PBS",1,8,1,1,FALSE,4908.402,240312.7,5.380777,0,0
"651","6/19/2019","Abby","III","PBS",1,8,1,1,FALSE,4908.402,240312.7,5.380777,0,0
"652","6/19/2019","Abby","III","PBS",1,8,1,1,FALSE,4908.402,240312.7,5.380777,0,0
"653","6/19/2019","Abby","III","PBS",1,8,1,1,FALSE,4908.402,240312.7,5.380777,0,0
"654","6/19/2019","Abby","III","PBS",1,9,1,1,FALSE,4908.402,240312.7,5.380777,0,0
"655","6/19/2019","Abby","III","PBS",1,9,1,1,FALSE,4908.402,240312.7,5.380777,0,0
"656","6/19/2019","Abby","III","PBS",1,9,1,1,FALSE,4908.402,240312.7,5.380777,0,0
"657","6/19/2019","Abby","III","PBS",1,9,1,1,FALSE,4908.402,240312.7,5.380777,0,0
"658","6/19/2019","Abby","III","PBS",1,9,2,1,FALSE,4908.402,240312.7,5.380777,0,0
"659","6/19/2019","Abby","III","PBS",2,10,1,1,FALSE,10573.6,690214,5.838984,0,0
"660","6/19/2019","Abby","III","PBS",2,10,1,1,FALSE,10573.6,690214,5.838984,0,0
"661","6/19/2019","Abby","III","PBS",2,10,1,1,FALSE,10573.6,690214,5.838984,0,0
"662","6/19/2019","Abby","III","PBS",2,10,1,1,FALSE,10573.6,690214,5.838984,0,0
"663","6/19/2019","Abby","III","PBS",2,10,1,1,FALSE,10573.6,690214,5.838984,0,0
"664","6/19/2019","Abby","III","PBS",2,10,7,0,TRUE,10573.6,690214,5.838984,0,1
"665","6/19/2019","Abby","III","PBS",2,11,1,1,FALSE,10573.6,690214,5.838984,0,0
"666","6/19/2019","Abby","III","PBS",2,11,1,1,FALSE,10573.6,690214,5.838984,0,0
"667","6/19/2019","Abby","III","PBS",2,11,1,1,FALSE,10573.6,690214,5.838984,0,0
"668","6/19/2019","Abby","III","PBS",2,11,1,1,FALSE,10573.6,690214,5.838984,0,0
"669","6/19/2019","Abby","III","PBS",2,11,1,1,FALSE,10573.6,690214,5.838984,0,0
"670","6/19/2019","Abby","III","PBS",2,11,1,1,FALSE,10573.6,690214,5.838984,0,0
"671","6/19/2019","Abby","III","PBS",2,11,1,1,FALSE,10573.6,690214,5.838984,0,0
"672","6/19/2019","Abby","III","PBS",2,12,1,1,FALSE,10573.6,690214,5.838984,0,0
"673","6/19/2019","Abby","III","PBS",2,12,1,1,FALSE,10573.6,690214,5.838984,0,0
"674","6/19/2019","Abby","III","PBS",2,12,1,1,FALSE,10573.6,690214,5.838984,0,0
"675","6/19/2019","Abby","III","PBS",2,12,1,1,FALSE,10573.6,690214,5.838984,0,0
"676","6/19/2019","Abby","III","PBS",2,12,1,1,FALSE,10573.6,690214,5.838984,0,0
"677","6/19/2019","Abby","III","PBS",2,12,1,1,FALSE,10573.6,690214,5.838984,0,0
"678","6/19/2019","Abby","III","S.m",0.01,13,2,1,FALSE,412.5454,933.5082,2.970118,1,0
"679","6/19/2019","Abby","III","S.m",0.01,13,7,0,TRUE,412.5454,933.5082,2.970118,1,1
"680","6/19/2019","Abby","III","S.m",0.01,13,7,0,TRUE,412.5454,933.5082,2.970118,1,1
"681","6/19/2019","Abby","III","S.m",0.01,13,7,0,TRUE,412.5454,933.5082,2.970118,1,1
"682","6/19/2019","Abby","III","S.m",0.01,14,1,1,FALSE,412.5454,933.5082,2.970118,1,0
"683","6/19/2019","Abby","III","S.m",0.01,14,3,1,FALSE,412.5454,933.5082,2.970118,1,0
"684","6/19/2019","Abby","III","S.m",0.01,14,7,0,TRUE,412.5454,933.5082,2.970118,1,1
"685","6/19/2019","Abby","III","S.m",0.01,14,7,0,TRUE,412.5454,933.5082,2.970118,1,1
"686","6/19/2019","Abby","III","S.m",0.01,15,2,1,FALSE,412.5454,933.5082,2.970118,1,0
"687","6/19/2019","Abby","III","S.m",0.01,15,4,1,TRUE,412.5454,933.5082,2.970118,1,1
"688","6/19/2019","Abby","III","S.m",0.01,15,7,0,TRUE,412.5454,933.5082,2.970118,1,1
"689","6/19/2019","Abby","III","S.m",0.1,16,2,1,FALSE,3616.958,2698.836,3.431177,1,0
"690","6/19/2019","Abby","III","S.m",0.1,16,3,1,FALSE,3616.958,2698.836,3.431177,1,0
"691","6/19/2019","Abby","III","S.m",0.1,16,7,0,TRUE,3616.958,2698.836,3.431177,1,1
"692","6/19/2019","Abby","III","S.m",0.1,16,7,0,TRUE,3616.958,2698.836,3.431177,1,1
"693","6/19/2019","Abby","III","S.m",0.1,16,7,0,TRUE,3616.958,2698.836,3.431177,1,1
"694","6/19/2019","Abby","III","S.m",0.1,17,2,1,FALSE,3616.958,2698.836,3.431177,1,0
"695","6/19/2019","Abby","III","S.m",0.1,17,7,0,TRUE,3616.958,2698.836,3.431177,1,1
"696","6/19/2019","Abby","III","S.m",0.1,17,7,0,TRUE,3616.958,2698.836,3.431177,1,1
"697","6/19/2019","Abby","III","S.m",0.1,17,7,0,TRUE,3616.958,2698.836,3.431177,1,1
"698","6/19/2019","Abby","III","S.m",0.1,17,7,0,TRUE,3616.958,2698.836,3.431177,1,1
"699","6/19/2019","Abby","III","S.m",0.1,17,7,0,TRUE,3616.958,2698.836,3.431177,1,1
"700","6/19/2019","Abby","III","S.m",0.1,18,2,1,FALSE,3616.958,2698.836,3.431177,1,0
"701","6/19/2019","Abby","III","S.m",0.1,18,6,1,TRUE,3616.958,2698.836,3.431177,1,1
"702","6/19/2019","Abby","III","S.m",0.1,18,7,0,TRUE,3616.958,2698.836,3.431177,1,1
"703","6/19/2019","Abby","III","S.m",0.1,18,7,0,TRUE,3616.958,2698.836,3.431177,1,1
"704","6/19/2019","Abby","III","S.m",0.1,18,7,0,TRUE,3616.958,2698.836,3.431177,1,1
"705","6/19/2019","Abby","III","S.m",0.1,18,7,0,TRUE,3616.958,2698.836,3.431177,1,1
"706","6/19/2019","Abby","III","S.m",1,19,1,1,FALSE,6926.868,273653.1,5.4372,1,0
"707","6/19/2019","Abby","III","S.m",1,19,1,1,FALSE,6926.868,273653.1,5.4372,1,0
"708","6/19/2019","Abby","III","S.m",1,19,2,1,FALSE,6926.868,273653.1,5.4372,1,0
"709","6/19/2019","Abby","III","S.m",1,19,4,1,TRUE,6926.868,273653.1,5.4372,1,1
"710","6/19/2019","Abby","III","S.m",1,19,7,0,TRUE,6926.868,273653.1,5.4372,1,1
"711","6/19/2019","Abby","III","S.m",1,20,1,1,FALSE,6926.868,273653.1,5.4372,1,0
"712","6/19/2019","Abby","III","S.m",1,20,1,1,FALSE,6926.868,273653.1,5.4372,1,0
"713","6/19/2019","Abby","III","S.m",1,20,7,0,TRUE,6926.868,273653.1,5.4372,1,1
"714","6/19/2019","Abby","III","S.m",1,20,7,0,TRUE,6926.868,273653.1,5.4372,1,1
"715","6/19/2019","Abby","III","S.m",1,21,1,1,FALSE,6926.868,273653.1,5.4372,1,0
"716","6/19/2019","Abby","III","S.m",1,21,7,0,TRUE,6926.868,273653.1,5.4372,1,1
"717","6/19/2019","Abby","III","S.m",1,21,7,0,TRUE,6926.868,273653.1,5.4372,1,1
"718","6/19/2019","Abby","III","S.m",1,21,7,0,TRUE,6926.868,273653.1,5.4372,1,1
"719","6/19/2019","Abby","III","S.m",1,21,7,0,TRUE,6926.868,273653.1,5.4372,1,1
"720","6/19/2019","Abby","III","S.m",2,22,1,1,FALSE,7833.673,232061.2,5.365602,1,0
"721","6/19/2019","Abby","III","S.m",2,22,2,1,FALSE,7833.673,232061.2,5.365602,1,0
"722","6/19/2019","Abby","III","S.m",2,22,6,1,TRUE,7833.673,232061.2,5.365602,1,1
"723","6/19/2019","Abby","III","S.m",2,22,7,0,TRUE,7833.673,232061.2,5.365602,1,1
"724","6/19/2019","Abby","III","S.m",2,22,7,0,TRUE,7833.673,232061.2,5.365602,1,1
"725","6/19/2019","Abby","III","S.m",2,23,2,1,FALSE,7833.673,232061.2,5.365602,1,0
"726","6/19/2019","Abby","III","S.m",2,23,2,1,FALSE,7833.673,232061.2,5.365602,1,0
"727","6/19/2019","Abby","III","S.m",2,23,4,1,TRUE,7833.673,232061.2,5.365602,1,1
"728","6/19/2019","Abby","III","S.m",2,23,7,0,TRUE,7833.673,232061.2,5.365602,1,1
"729","6/19/2019","Abby","III","S.m",2,23,7,0,TRUE,7833.673,232061.2,5.365602,1,1
"730","6/19/2019","Abby","III","S.m",2,24,1,1,FALSE,7833.673,232061.2,5.365602,1,0
"731","6/19/2019","Abby","III","S.m",2,24,2,1,FALSE,7833.673,232061.2,5.365602,1,0
"732","6/19/2019","Abby","III","S.m",2,24,4,1,TRUE,7833.673,232061.2,5.365602,1,1
"733","6/19/2019","Abby","III","S.m",2,24,7,0,TRUE,7833.673,232061.2,5.365602,1,1
"734","6/19/2019","Abby","III","S.m",2,24,7,0,TRUE,7833.673,232061.2,5.365602,1,1
"735","6/25/2019","Abby","IV","PBS",0.01,1,2,1,FALSE,1187.806,8201.486,3.913893,0,0
"736","6/25/2019","Abby","IV","PBS",0.01,1,2,1,FALSE,1187.806,8201.486,3.913893,0,0
"737","6/25/2019","Abby","IV","PBS",0.01,1,2,1,FALSE,1187.806,8201.486,3.913893,0,0
"738","6/25/2019","Abby","IV","PBS",0.01,1,6,1,TRUE,1187.806,8201.486,3.913893,0,1
"739","6/25/2019","Abby","IV","PBS",0.01,1,6,0,TRUE,1187.806,8201.486,3.913893,0,1
"740","6/25/2019","Abby","IV","PBS",0.01,1,6,0,TRUE,1187.806,8201.486,3.913893,0,1
"741","6/25/2019","Abby","IV","PBS",0.01,2,2,1,FALSE,1187.806,8201.486,3.913893,0,0
"742","6/25/2019","Abby","IV","PBS",0.01,2,2,1,FALSE,1187.806,8201.486,3.913893,0,0
"743","6/25/2019","Abby","IV","PBS",0.01,2,2,1,FALSE,1187.806,8201.486,3.913893,0,0
"744","6/25/2019","Abby","IV","PBS",0.01,2,2,1,FALSE,1187.806,8201.486,3.913893,0,0
"745","6/25/2019","Abby","IV","PBS",0.01,3,2,1,FALSE,1187.806,8201.486,3.913893,0,0
"746","6/25/2019","Abby","IV","PBS",0.01,3,2,1,FALSE,1187.806,8201.486,3.913893,0,0
"747","6/25/2019","Abby","IV","PBS",0.01,3,2,1,FALSE,1187.806,8201.486,3.913893,0,0
"748","6/25/2019","Abby","IV","PBS",0.01,3,3,1,FALSE,1187.806,8201.486,3.913893,0,0
"749","6/25/2019","Abby","IV","PBS",0.01,3,6,0,TRUE,1187.806,8201.486,3.913893,0,1
"750","6/25/2019","Abby","IV","PBS",0.01,3,6,0,TRUE,1187.806,8201.486,3.913893,0,1
"751","6/25/2019","Abby","IV","PBS",0.01,3,6,0,TRUE,1187.806,8201.486,3.913893,0,1
"752","6/25/2019","Abby","IV","PBS",0.1,4,1,1,FALSE,1403.3,107895.6,5.033004,0,0
"753","6/25/2019","Abby","IV","PBS",0.1,4,1,1,FALSE,1403.3,107895.6,5.033004,0,0
"754","6/25/2019","Abby","IV","PBS",0.1,4,1,1,FALSE,1403.3,107895.6,5.033004,0,0
"755","6/25/2019","Abby","IV","PBS",0.1,4,2,1,FALSE,1403.3,107895.6,5.033004,0,0
"756","6/25/2019","Abby","IV","PBS",0.1,4,2,1,FALSE,1403.3,107895.6,5.033004,0,0
"757","6/25/2019","Abby","IV","PBS",0.1,4,7,0,TRUE,1403.3,107895.6,5.033004,0,1
"758","6/25/2019","Abby","IV","PBS",0.1,5,1,1,FALSE,1403.3,107895.6,5.033004,0,0
"759","6/25/2019","Abby","IV","PBS",0.1,5,2,1,FALSE,1403.3,107895.6,5.033004,0,0
"760","6/25/2019","Abby","IV","PBS",0.1,5,2,1,FALSE,1403.3,107895.6,5.033004,0,0
"761","6/25/2019","Abby","IV","PBS",0.1,5,3,1,FALSE,1403.3,107895.6,5.033004,0,0
"762","6/25/2019","Abby","IV","PBS",0.1,5,7,0,TRUE,1403.3,107895.6,5.033004,0,1
"763","6/25/2019","Abby","IV","PBS",0.1,5,7,0,TRUE,1403.3,107895.6,5.033004,0,1
"764","6/25/2019","Abby","IV","PBS",0.1,6,1,1,FALSE,1403.3,107895.6,5.033004,0,0
"765","6/25/2019","Abby","IV","PBS",0.1,6,1,1,FALSE,1403.3,107895.6,5.033004,0,0
"766","6/25/2019","Abby","IV","PBS",0.1,6,2,1,FALSE,1403.3,107895.6,5.033004,0,0
"767","6/25/2019","Abby","IV","PBS",0.1,6,2,1,FALSE,1403.3,107895.6,5.033004,0,0
"768","6/25/2019","Abby","IV","PBS",0.1,6,2,1,FALSE,1403.3,107895.6,5.033004,0,0
"769","6/25/2019","Abby","IV","PBS",0.1,6,2,1,FALSE,1403.3,107895.6,5.033004,0,0
"770","6/25/2019","Abby","IV","PBS",0.1,6,5,0,TRUE,1403.3,107895.6,5.033004,0,1
"771","6/25/2019","Abby","IV","PBS",1,7,1,1,FALSE,5572.95,2199119,6.342249,0,0
"772","6/25/2019","Abby","IV","PBS",1,7,1,1,FALSE,5572.95,2199119,6.342249,0,0
"773","6/25/2019","Abby","IV","PBS",1,7,1,1,FALSE,5572.95,2199119,6.342249,0,0
"774","6/25/2019","Abby","IV","PBS",1,7,1,1,FALSE,5572.95,2199119,6.342249,0,0
"775","6/25/2019","Abby","IV","PBS",1,7,6,0,TRUE,5572.95,2199119,6.342249,0,1
"776","6/25/2019","Abby","IV","PBS",1,7,6,0,TRUE,5572.95,2199119,6.342249,0,1
"777","6/25/2019","Abby","IV","PBS",1,8,1,1,FALSE,5572.95,2199119,6.342249,0,0
"778","6/25/2019","Abby","IV","PBS",1,8,1,1,FALSE,5572.95,2199119,6.342249,0,0
"779","6/25/2019","Abby","IV","PBS",1,8,1,1,FALSE,5572.95,2199119,6.342249,0,0
"780","6/25/2019","Abby","IV","PBS",1,8,1,1,FALSE,5572.95,2199119,6.342249,0,0
"781","6/25/2019","Abby","IV","PBS",1,8,1,1,FALSE,5572.95,2199119,6.342249,0,0
"782","6/25/2019","Abby","IV","PBS",1,8,1,1,FALSE,5572.95,2199119,6.342249,0,0
"783","6/25/2019","Abby","IV","PBS",1,9,1,1,FALSE,5572.95,2199119,6.342249,0,0
"784","6/25/2019","Abby","IV","PBS",1,9,1,1,FALSE,5572.95,2199119,6.342249,0,0
"785","6/25/2019","Abby","IV","PBS",1,9,1,1,FALSE,5572.95,2199119,6.342249,0,0
"786","6/25/2019","Abby","IV","PBS",1,9,1,1,FALSE,5572.95,2199119,6.342249,0,0
"787","6/25/2019","Abby","IV","PBS",1,9,1,1,FALSE,5572.95,2199119,6.342249,0,0
"788","6/25/2019","Abby","IV","PBS",1,9,1,1,FALSE,5572.95,2199119,6.342249,0,0
"789","6/25/2019","Abby","IV","PBS",1,9,1,1,FALSE,5572.95,2199119,6.342249,0,0
"790","6/25/2019","Abby","IV","PBS",2,10,1,1,FALSE,8579.952,2214793,6.345333,0,0
"791","6/25/2019","Abby","IV","PBS",2,10,1,1,FALSE,8579.952,2214793,6.345333,0,0
"792","6/25/2019","Abby","IV","PBS",2,10,1,1,FALSE,8579.952,2214793,6.345333,0,0
"793","6/25/2019","Abby","IV","PBS",2,10,1,1,FALSE,8579.952,2214793,6.345333,0,0
"794","6/25/2019","Abby","IV","PBS",2,10,1,1,FALSE,8579.952,2214793,6.345333,0,0
"795","6/25/2019","Abby","IV","PBS",2,10,2,1,FALSE,8579.952,2214793,6.345333,0,0
"796","6/25/2019","Abby","IV","PBS",2,11,1,1,FALSE,8579.952,2214793,6.345333,0,0
"797","6/25/2019","Abby","IV","PBS",2,11,1,1,FALSE,8579.952,2214793,6.345333,0,0
"798","6/25/2019","Abby","IV","PBS",2,11,1,1,FALSE,8579.952,2214793,6.345333,0,0
"799","6/25/2019","Abby","IV","PBS",2,11,1,1,FALSE,8579.952,2214793,6.345333,0,0
"800","6/25/2019","Abby","IV","PBS",2,11,1,1,FALSE,8579.952,2214793,6.345333,0,0
"801","6/25/2019","Abby","IV","PBS",2,11,1,1,FALSE,8579.952,2214793,6.345333,0,0
"802","6/25/2019","Abby","IV","PBS",2,11,1,1,FALSE,8579.952,2214793,6.345333,0,0
"803","6/25/2019","Abby","IV","PBS",2,12,1,1,FALSE,8579.952,2214793,6.345333,0,0
"804","6/25/2019","Abby","IV","PBS",2,12,1,1,FALSE,8579.952,2214793,6.345333,0,0
"805","6/25/2019","Abby","IV","PBS",2,12,1,1,FALSE,8579.952,2214793,6.345333,0,0
"806","6/25/2019","Abby","IV","PBS",2,12,1,1,FALSE,8579.952,2214793,6.345333,0,0
"807","6/25/2019","Abby","IV","PBS",2,12,1,1,FALSE,8579.952,2214793,6.345333,0,0
"808","6/25/2019","Abby","IV","PBS",2,12,1,1,FALSE,8579.952,2214793,6.345333,0,0
"809","6/25/2019","Abby","IV","PBS",2,12,1,1,FALSE,8579.952,2214793,6.345333,0,0
"810","6/25/2019","Abby","IV","S.m",0.01,13,6,0,TRUE,3374.107,1374.002,3.137987,1,1
"811","6/25/2019","Abby","IV","S.m",0.01,13,6,0,TRUE,3374.107,1374.002,3.137987,1,1
"812","6/25/2019","Abby","IV","S.m",0.01,13,6,0,TRUE,3374.107,1374.002,3.137987,1,1
"813","6/25/2019","Abby","IV","S.m",0.01,13,6,0,TRUE,3374.107,1374.002,3.137987,1,1
"814","6/25/2019","Abby","IV","S.m",0.01,13,6,0,TRUE,3374.107,1374.002,3.137987,1,1
"815","6/25/2019","Abby","IV","S.m",0.01,13,6,0,TRUE,3374.107,1374.002,3.137987,1,1
"816","6/25/2019","Abby","IV","S.m",0.01,14,4,1,TRUE,3374.107,1374.002,3.137987,1,1
"817","6/25/2019","Abby","IV","S.m",0.01,14,4,1,TRUE,3374.107,1374.002,3.137987,1,1
"818","6/25/2019","Abby","IV","S.m",0.01,14,5,0,TRUE,3374.107,1374.002,3.137987,1,1
"819","6/25/2019","Abby","IV","S.m",0.01,14,5,0,TRUE,3374.107,1374.002,3.137987,1,1
"820","6/25/2019","Abby","IV","S.m",0.01,14,5,0,TRUE,3374.107,1374.002,3.137987,1,1
"821","6/25/2019","Abby","IV","S.m",0.01,14,5,0,TRUE,3374.107,1374.002,3.137987,1,1
"822","6/25/2019","Abby","IV","S.m",0.01,14,5,0,TRUE,3374.107,1374.002,3.137987,1,1
"823","6/25/2019","Abby","IV","S.m",0.01,15,1,1,FALSE,3374.107,1374.002,3.137987,1,0
"824","6/25/2019","Abby","IV","S.m",0.01,15,2,1,FALSE,3374.107,1374.002,3.137987,1,0
"825","6/25/2019","Abby","IV","S.m",0.01,15,3,1,FALSE,3374.107,1374.002,3.137987,1,0
"826","6/25/2019","Abby","IV","S.m",0.01,15,7,0,TRUE,3374.107,1374.002,3.137987,1,1
"827","6/25/2019","Abby","IV","S.m",0.01,15,7,0,TRUE,3374.107,1374.002,3.137987,1,1
"828","6/25/2019","Abby","IV","S.m",0.01,15,7,0,TRUE,3374.107,1374.002,3.137987,1,1
"829","6/25/2019","Abby","IV","S.m",0.01,15,7,0,TRUE,3374.107,1374.002,3.137987,1,1
"830","6/25/2019","Abby","IV","S.m",0.1,16,4,0,TRUE,1916.626,174.8434,2.242649,1,1
"831","6/25/2019","Abby","IV","S.m",0.1,16,4,0,TRUE,1916.626,174.8434,2.242649,1,1
"832","6/25/2019","Abby","IV","S.m",0.1,16,4,0,TRUE,1916.626,174.8434,2.242649,1,1
"833","6/25/2019","Abby","IV","S.m",0.1,16,4,0,TRUE,1916.626,174.8434,2.242649,1,1
"834","6/25/2019","Abby","IV","S.m",0.1,16,4,0,TRUE,1916.626,174.8434,2.242649,1,1
"835","6/25/2019","Abby","IV","S.m",0.1,17,2,1,FALSE,1916.626,174.8434,2.242649,1,0
"836","6/25/2019","Abby","IV","S.m",0.1,17,7,0,TRUE,1916.626,174.8434,2.242649,1,1
"837","6/25/2019","Abby","IV","S.m",0.1,17,7,0,TRUE,1916.626,174.8434,2.242649,1,1
"838","6/25/2019","Abby","IV","S.m",0.1,17,7,0,TRUE,1916.626,174.8434,2.242649,1,1
"839","6/25/2019","Abby","IV","S.m",0.1,17,7,0,TRUE,1916.626,174.8434,2.242649,1,1
"840","6/25/2019","Abby","IV","S.m",0.1,18,1,1,FALSE,1916.626,174.8434,2.242649,1,0
"841","6/25/2019","Abby","IV","S.m",0.1,18,7,0,TRUE,1916.626,174.8434,2.242649,1,1
"842","6/25/2019","Abby","IV","S.m",0.1,18,7,0,TRUE,1916.626,174.8434,2.242649,1,1
"843","6/25/2019","Abby","IV","S.m",0.1,18,7,0,TRUE,1916.626,174.8434,2.242649,1,1
"844","6/25/2019","Abby","IV","S.m",0.1,18,7,0,TRUE,1916.626,174.8434,2.242649,1,1
"845","6/25/2019","Abby","IV","S.m",1,19,3,1,FALSE,9906.634,47202.71,4.673967,1,0
"846","6/25/2019","Abby","IV","S.m",1,19,6,1,TRUE,9906.634,47202.71,4.673967,1,1
"847","6/25/2019","Abby","IV","S.m",1,19,7,0,TRUE,9906.634,47202.71,4.673967,1,1
"848","6/25/2019","Abby","IV","S.m",1,19,7,0,TRUE,9906.634,47202.71,4.673967,1,1
"849","6/25/2019","Abby","IV","S.m",1,19,7,0,TRUE,9906.634,47202.71,4.673967,1,1
"850","6/25/2019","Abby","IV","S.m",1,19,7,0,TRUE,9906.634,47202.71,4.673967,1,1
"851","6/25/2019","Abby","IV","S.m",1,20,1,1,FALSE,9906.634,47202.71,4.673967,1,0
"852","6/25/2019","Abby","IV","S.m",1,20,7,0,TRUE,9906.634,47202.71,4.673967,1,1
"853","6/25/2019","Abby","IV","S.m",1,20,7,0,TRUE,9906.634,47202.71,4.673967,1,1
"854","6/25/2019","Abby","IV","S.m",1,20,7,0,TRUE,9906.634,47202.71,4.673967,1,1
"855","6/25/2019","Abby","IV","S.m",1,20,7,0,TRUE,9906.634,47202.71,4.673967,1,1
"856","6/25/2019","Abby","IV","S.m",1,21,2,1,FALSE,9906.634,47202.71,4.673967,1,0
"857","6/25/2019","Abby","IV","S.m",1,21,4,1,TRUE,9906.634,47202.71,4.673967,1,1
"858","6/25/2019","Abby","IV","S.m",1,21,7,0,TRUE,9906.634,47202.71,4.673967,1,1
"859","6/25/2019","Abby","IV","S.m",1,21,7,0,TRUE,9906.634,47202.71,4.673967,1,1
"860","6/25/2019","Abby","IV","S.m",1,21,7,0,TRUE,9906.634,47202.71,4.673967,1,1
"861","6/25/2019","Abby","IV","S.m",1,21,7,0,TRUE,9906.634,47202.71,4.673967,1,1
"862","6/25/2019","Abby","IV","S.m",2,22,7,0,TRUE,12554.01,307239,5.487476,1,1
"863","6/25/2019","Abby","IV","S.m",2,22,7,0,TRUE,12554.01,307239,5.487476,1,1
"864","6/25/2019","Abby","IV","S.m",2,22,7,0,TRUE,12554.01,307239,5.487476,1,1
"865","6/25/2019","Abby","IV","S.m",2,22,7,0,TRUE,12554.01,307239,5.487476,1,1
"866","6/25/2019","Abby","IV","S.m",2,22,7,0,TRUE,12554.01,307239,5.487476,1,1
"867","6/25/2019","Abby","IV","S.m",2,23,2,1,FALSE,12554.01,307239,5.487476,1,0
"868","6/25/2019","Abby","IV","S.m",2,23,2,1,FALSE,12554.01,307239,5.487476,1,0
"869","6/25/2019","Abby","IV","S.m",2,23,6,1,TRUE,12554.01,307239,5.487476,1,1
"870","6/25/2019","Abby","IV","S.m",2,23,7,0,TRUE,12554.01,307239,5.487476,1,1
"871","6/25/2019","Abby","IV","S.m",2,23,7,0,TRUE,12554.01,307239,5.487476,1,1
"872","6/25/2019","Abby","IV","S.m",2,24,1,1,FALSE,12554.01,307239,5.487476,1,0
"873","6/25/2019","Abby","IV","S.m",2,24,1,1,FALSE,12554.01,307239,5.487476,1,0
"874","6/25/2019","Abby","IV","S.m",2,24,7,1,TRUE,12554.01,307239,5.487476,1,1
"875","6/25/2019","Abby","IV","S.m",2,24,7,0,TRUE,12554.01,307239,5.487476,1,1
"876","6/25/2019","Abby","IV","S.m",2,24,7,0,TRUE,12554.01,307239,5.487476,1,1
"877","6/25/2019","Abby","IV","S.m",2,24,7,0,TRUE,12554.01,307239,5.487476,1,1
"878","6/27/2019","Abby","V","PBS",0.01,1,1,1,FALSE,84.82032,7655.157,3.883954,0,0
"879","6/27/2019","Abby","V","PBS",0.01,1,1,1,FALSE,84.82032,7655.157,3.883954,0,0
"880","6/27/2019","Abby","V","PBS",0.01,1,7,0,TRUE,84.82032,7655.157,3.883954,0,1
"881","6/27/2019","Abby","V","PBS",0.01,1,7,0,TRUE,84.82032,7655.157,3.883954,0,1
"882","6/27/2019","Abby","V","PBS",0.01,1,7,0,TRUE,84.82032,7655.157,3.883954,0,1
"883","6/27/2019","Abby","V","PBS",0.01,1,7,0,TRUE,84.82032,7655.157,3.883954,0,1
"884","6/27/2019","Abby","V","PBS",0.01,1,7,0,TRUE,84.82032,7655.157,3.883954,0,1
"885","6/27/2019","Abby","V","PBS",0.01,2,1,1,FALSE,84.82032,7655.157,3.883954,0,0
"886","6/27/2019","Abby","V","PBS",0.01,2,1,1,FALSE,84.82032,7655.157,3.883954,0,0
"887","6/27/2019","Abby","V","PBS",0.01,2,1,1,FALSE,84.82032,7655.157,3.883954,0,0
"888","6/27/2019","Abby","V","PBS",0.01,2,1,1,FALSE,84.82032,7655.157,3.883954,0,0
"889","6/27/2019","Abby","V","PBS",0.01,2,7,0,TRUE,84.82032,7655.157,3.883954,0,1
"890","6/27/2019","Abby","V","PBS",0.01,2,7,0,TRUE,84.82032,7655.157,3.883954,0,1
"891","6/27/2019","Abby","V","PBS",0.01,3,1,1,FALSE,84.82032,7655.157,3.883954,0,0
"892","6/27/2019","Abby","V","PBS",0.01,3,1,1,FALSE,84.82032,7655.157,3.883954,0,0
"893","6/27/2019","Abby","V","PBS",0.01,3,1,1,FALSE,84.82032,7655.157,3.883954,0,0
"894","6/27/2019","Abby","V","PBS",0.01,3,1,1,FALSE,84.82032,7655.157,3.883954,0,0
"895","6/27/2019","Abby","V","PBS",0.01,3,2,1,FALSE,84.82032,7655.157,3.883954,0,0
"896","6/27/2019","Abby","V","PBS",0.01,3,7,0,TRUE,84.82032,7655.157,3.883954,0,1
"897","6/27/2019","Abby","V","PBS",0.01,3,7,0,TRUE,84.82032,7655.157,3.883954,0,1
"898","6/27/2019","Abby","V","PBS",0.1,4,1,1,FALSE,690.498,211303.6,5.324907,0,0
"899","6/27/2019","Abby","V","PBS",0.1,4,1,1,FALSE,690.498,211303.6,5.324907,0,0
"900","6/27/2019","Abby","V","PBS",0.1,4,3,1,FALSE,690.498,211303.6,5.324907,0,0
"901","6/27/2019","Abby","V","PBS",0.1,4,7,0,TRUE,690.498,211303.6,5.324907,0,1
"902","6/27/2019","Abby","V","PBS",0.1,4,7,0,TRUE,690.498,211303.6,5.324907,0,1
"903","6/27/2019","Abby","V","PBS",0.1,5,1,1,FALSE,690.498,211303.6,5.324907,0,0
"904","6/27/2019","Abby","V","PBS",0.1,5,1,1,FALSE,690.498,211303.6,5.324907,0,0
"905","6/27/2019","Abby","V","PBS",0.1,5,1,1,FALSE,690.498,211303.6,5.324907,0,0
"906","6/27/2019","Abby","V","PBS",0.1,5,1,1,FALSE,690.498,211303.6,5.324907,0,0
"907","6/27/2019","Abby","V","PBS",0.1,5,1,1,FALSE,690.498,211303.6,5.324907,0,0
"908","6/27/2019","Abby","V","PBS",0.1,5,1,1,FALSE,690.498,211303.6,5.324907,0,0
"909","6/27/2019","Abby","V","PBS",0.1,6,1,1,FALSE,690.498,211303.6,5.324907,0,0
"910","6/27/2019","Abby","V","PBS",0.1,6,1,1,FALSE,690.498,211303.6,5.324907,0,0
"911","6/27/2019","Abby","V","PBS",0.1,6,1,1,FALSE,690.498,211303.6,5.324907,0,0
"912","6/27/2019","Abby","V","PBS",0.1,6,1,1,FALSE,690.498,211303.6,5.324907,0,0
"913","6/27/2019","Abby","V","PBS",0.1,6,2,1,FALSE,690.498,211303.6,5.324907,0,0
"914","6/27/2019","Abby","V","PBS",0.1,6,7,0,TRUE,690.498,211303.6,5.324907,0,1
"915","6/27/2019","Abby","V","PBS",1,7,1,1,FALSE,3615.709,954012.4,5.979554,0,0
"916","6/27/2019","Abby","V","PBS",1,7,1,1,FALSE,3615.709,954012.4,5.979554,0,0
"917","6/27/2019","Abby","V","PBS",1,7,1,1,FALSE,3615.709,954012.4,5.979554,0,0
"918","6/27/2019","Abby","V","PBS",1,7,1,1,FALSE,3615.709,954012.4,5.979554,0,0
"919","6/27/2019","Abby","V","PBS",1,7,1,1,FALSE,3615.709,954012.4,5.979554,0,0
"920","6/27/2019","Abby","V","PBS",1,7,1,1,FALSE,3615.709,954012.4,5.979554,0,0
"921","6/27/2019","Abby","V","PBS",1,8,1,1,FALSE,3615.709,954012.4,5.979554,0,0
"922","6/27/2019","Abby","V","PBS",1,8,1,1,FALSE,3615.709,954012.4,5.979554,0,0
"923","6/27/2019","Abby","V","PBS",1,8,1,1,FALSE,3615.709,954012.4,5.979554,0,0
"924","6/27/2019","Abby","V","PBS",1,8,1,1,FALSE,3615.709,954012.4,5.979554,0,0
"925","6/27/2019","Abby","V","PBS",1,8,1,1,FALSE,3615.709,954012.4,5.979554,0,0
"926","6/27/2019","Abby","V","PBS",1,8,1,1,FALSE,3615.709,954012.4,5.979554,0,0
"927","6/27/2019","Abby","V","PBS",1,8,1,1,FALSE,3615.709,954012.4,5.979554,0,0
"928","6/27/2019","Abby","V","PBS",1,9,1,1,FALSE,3615.709,954012.4,5.979554,0,0
"929","6/27/2019","Abby","V","PBS",1,9,1,1,FALSE,3615.709,954012.4,5.979554,0,0
"930","6/27/2019","Abby","V","PBS",1,9,1,1,FALSE,3615.709,954012.4,5.979554,0,0
"931","6/27/2019","Abby","V","PBS",1,9,1,1,FALSE,3615.709,954012.4,5.979554,0,0
"932","6/27/2019","Abby","V","PBS",1,9,1,1,FALSE,3615.709,954012.4,5.979554,0,0
"933","6/27/2019","Abby","V","PBS",1,9,1,1,FALSE,3615.709,954012.4,5.979554,0,0
"934","6/27/2019","Abby","V","PBS",1,9,1,1,FALSE,3615.709,954012.4,5.979554,0,0
"935","6/27/2019","Abby","V","PBS",2,10,1,1,FALSE,14430.5,1103906,6.042932,0,0
"936","6/27/2019","Abby","V","PBS",2,10,1,1,FALSE,14430.5,1103906,6.042932,0,0
"937","6/27/2019","Abby","V","PBS",2,10,1,1,FALSE,14430.5,1103906,6.042932,0,0
"938","6/27/2019","Abby","V","PBS",2,10,1,1,FALSE,14430.5,1103906,6.042932,0,0
"939","6/27/2019","Abby","V","PBS",2,10,1,1,FALSE,14430.5,1103906,6.042932,0,0
"940","6/27/2019","Abby","V","PBS",2,10,1,1,FALSE,14430.5,1103906,6.042932,0,0
"941","6/27/2019","Abby","V","PBS",2,10,7,0,TRUE,14430.5,1103906,6.042932,0,1
"942","6/27/2019","Abby","V","PBS",2,11,1,1,FALSE,14430.5,1103906,6.042932,0,0
"943","6/27/2019","Abby","V","PBS",2,11,1,1,FALSE,14430.5,1103906,6.042932,0,0
"944","6/27/2019","Abby","V","PBS",2,11,1,1,FALSE,14430.5,1103906,6.042932,0,0
"945","6/27/2019","Abby","V","PBS",2,11,1,1,FALSE,14430.5,1103906,6.042932,0,0
"946","6/27/2019","Abby","V","PBS",2,11,1,1,FALSE,14430.5,1103906,6.042932,0,0
"947","6/27/2019","Abby","V","PBS",2,11,1,1,FALSE,14430.5,1103906,6.042932,0,0
"948","6/27/2019","Abby","V","PBS",2,12,1,1,FALSE,14430.5,1103906,6.042932,0,0
"949","6/27/2019","Abby","V","PBS",2,12,1,1,FALSE,14430.5,1103906,6.042932,0,0
"950","6/27/2019","Abby","V","PBS",2,12,1,1,FALSE,14430.5,1103906,6.042932,0,0
"951","6/27/2019","Abby","V","PBS",2,12,1,1,FALSE,14430.5,1103906,6.042932,0,0
"952","6/27/2019","Abby","V","PBS",2,12,1,1,FALSE,14430.5,1103906,6.042932,0,0
"953","6/27/2019","Abby","V","PBS",2,12,1,1,FALSE,14430.5,1103906,6.042932,0,0
"954","6/27/2019","Abby","V","S.m",0.01,13,1,1,FALSE,84.33288,54.40729,1.735657,1,0
"955","6/27/2019","Abby","V","S.m",0.01,13,7,1,TRUE,84.33288,54.40729,1.735657,1,1
"956","6/27/2019","Abby","V","S.m",0.01,13,7,0,TRUE,84.33288,54.40729,1.735657,1,1
"957","6/27/2019","Abby","V","S.m",0.01,13,7,0,TRUE,84.33288,54.40729,1.735657,1,1
"958","6/27/2019","Abby","V","S.m",0.01,13,7,0,TRUE,84.33288,54.40729,1.735657,1,1
"959","6/27/2019","Abby","V","S.m",0.01,14,4,1,TRUE,84.33288,54.40729,1.735657,1,1
"960","6/27/2019","Abby","V","S.m",0.01,14,6,1,TRUE,84.33288,54.40729,1.735657,1,1
"961","6/27/2019","Abby","V","S.m",0.01,14,7,1,TRUE,84.33288,54.40729,1.735657,1,1
"962","6/27/2019","Abby","V","S.m",0.01,14,7,1,TRUE,84.33288,54.40729,1.735657,1,1
"963","6/27/2019","Abby","V","S.m",0.01,14,7,1,TRUE,84.33288,54.40729,1.735657,1,1
"964","6/27/2019","Abby","V","S.m",0.01,15,1,1,FALSE,84.33288,54.40729,1.735657,1,0
"965","6/27/2019","Abby","V","S.m",0.01,15,3,1,FALSE,84.33288,54.40729,1.735657,1,0
"966","6/27/2019","Abby","V","S.m",0.01,15,7,0,TRUE,84.33288,54.40729,1.735657,1,1
"967","6/27/2019","Abby","V","S.m",0.01,15,7,0,TRUE,84.33288,54.40729,1.735657,1,1
"968","6/27/2019","Abby","V","S.m",0.01,15,7,0,TRUE,84.33288,54.40729,1.735657,1,1
"969","6/27/2019","Abby","V","S.m",0.01,15,7,0,TRUE,84.33288,54.40729,1.735657,1,1
"970","6/27/2019","Abby","V","S.m",0.1,16,1,1,FALSE,568.1669,3764.904,3.575754,1,0
"971","6/27/2019","Abby","V","S.m",0.1,16,2,1,FALSE,568.1669,3764.904,3.575754,1,0
"972","6/27/2019","Abby","V","S.m",0.1,16,3,1,FALSE,568.1669,3764.904,3.575754,1,0
"973","6/27/2019","Abby","V","S.m",0.1,16,7,0,TRUE,568.1669,3764.904,3.575754,1,1
"974","6/27/2019","Abby","V","S.m",0.1,17,1,1,FALSE,568.1669,3764.904,3.575754,1,0
"975","6/27/2019","Abby","V","S.m",0.1,17,6,1,TRUE,568.1669,3764.904,3.575754,1,1
"976","6/27/2019","Abby","V","S.m",0.1,17,7,0,TRUE,568.1669,3764.904,3.575754,1,1
"977","6/27/2019","Abby","V","S.m",0.1,17,7,0,TRUE,568.1669,3764.904,3.575754,1,1
"978","6/27/2019","Abby","V","S.m",0.1,17,7,0,TRUE,568.1669,3764.904,3.575754,1,1
"979","6/27/2019","Abby","V","S.m",0.1,18,2,1,FALSE,568.1669,3764.904,3.575754,1,0
"980","6/27/2019","Abby","V","S.m",0.1,18,7,0,TRUE,568.1669,3764.904,3.575754,1,1
"981","6/27/2019","Abby","V","S.m",0.1,18,7,0,TRUE,568.1669,3764.904,3.575754,1,1
"982","6/27/2019","Abby","V","S.m",0.1,18,7,0,TRUE,568.1669,3764.904,3.575754,1,1
"983","6/27/2019","Abby","V","S.m",0.1,18,7,0,TRUE,568.1669,3764.904,3.575754,1,1
"984","6/27/2019","Abby","V","S.m",1,19,2,1,FALSE,6198.966,2482.907,3.39496,1,0
"985","6/27/2019","Abby","V","S.m",1,19,7,0,TRUE,6198.966,2482.907,3.39496,1,1
"986","6/27/2019","Abby","V","S.m",1,19,7,0,TRUE,6198.966,2482.907,3.39496,1,1
"987","6/27/2019","Abby","V","S.m",1,19,7,0,TRUE,6198.966,2482.907,3.39496,1,1
"988","6/27/2019","Abby","V","S.m",1,19,7,0,TRUE,6198.966,2482.907,3.39496,1,1
"989","6/27/2019","Abby","V","S.m",1,20,1,1,FALSE,6198.966,2482.907,3.39496,1,0
"990","6/27/2019","Abby","V","S.m",1,20,1,1,FALSE,6198.966,2482.907,3.39496,1,0
"991","6/27/2019","Abby","V","S.m",1,20,3,1,FALSE,6198.966,2482.907,3.39496,1,0
"992","6/27/2019","Abby","V","S.m",1,20,7,0,TRUE,6198.966,2482.907,3.39496,1,1
"993","6/27/2019","Abby","V","S.m",1,20,7,0,TRUE,6198.966,2482.907,3.39496,1,1
"994","6/27/2019","Abby","V","S.m",1,21,1,1,FALSE,6198.966,2482.907,3.39496,1,0
"995","6/27/2019","Abby","V","S.m",1,21,2,1,FALSE,6198.966,2482.907,3.39496,1,0
"996","6/27/2019","Abby","V","S.m",1,21,2,1,FALSE,6198.966,2482.907,3.39496,1,0
"997","6/27/2019","Abby","V","S.m",1,21,7,0,TRUE,6198.966,2482.907,3.39496,1,1
"998","6/27/2019","Abby","V","S.m",2,22,3,1,FALSE,18253.73,2395.651,3.379424,1,0
"999","6/27/2019","Abby","V","S.m",2,22,7,0,TRUE,18253.73,2395.651,3.379424,1,1
"1000","6/27/2019","Abby","V","S.m",2,22,7,0,TRUE,18253.73,2395.651,3.379424,1,1
"1001","6/27/2019","Abby","V","S.m",2,22,7,0,TRUE,18253.73,2395.651,3.379424,1,1
"1002","6/27/2019","Abby","V","S.m",2,23,2,1,FALSE,18253.73,2395.651,3.379424,1,0
"1003","6/27/2019","Abby","V","S.m",2,23,5,1,TRUE,18253.73,2395.651,3.379424,1,1
"1004","6/27/2019","Abby","V","S.m",2,23,5,1,TRUE,18253.73,2395.651,3.379424,1,1
"1005","6/27/2019","Abby","V","S.m",2,23,7,1,TRUE,18253.73,2395.651,3.379424,1,1
"1006","6/27/2019","Abby","V","S.m",2,23,7,0,TRUE,18253.73,2395.651,3.379424,1,1
"1007","6/27/2019","Abby","V","S.m",2,24,2,1,FALSE,18253.73,2395.651,3.379424,1,0
"1008","6/27/2019","Abby","V","S.m",2,24,2,1,FALSE,18253.73,2395.651,3.379424,1,0
"1009","6/27/2019","Abby","V","S.m",2,24,5,1,TRUE,18253.73,2395.651,3.379424,1,1
"1010","6/27/2019","Abby","V","S.m",2,24,7,1,TRUE,18253.73,2395.651,3.379424,1,1
"1011","6/27/2019","Abby","V","S.m",2,24,7,0,TRUE,18253.73,2395.651,3.379424,1,1
